spell_id	priority	skill_line_ids	name_en	rank_en	description_en	tooltip_en	name_zh	rank_zh	description_zh	tooltip_zh	notes
25905	all		Invis Self								
25906	all		Spell Blasting		Gives a chance when your harmful spells land to increase the damage of your spells and effects by $25907s1 for $25907d.						
25907	all		Spell Blasting			Spell effects increased by $s1.					
25908	spellbook	374	Tranquil Air Totem		Summons a Tranquil Air Totem with $s1 health at the feet of the caster.  The totem reduces the threat caused by all party members within $25909a1 yards by $25909s1%.  Lasts $d.						
25909	all		Tranquil Air	Rank 1		Reduces threat caused by $s1%.					
25911	spellbook	594	Holy Shock	Rank 2	Blasts the target with Holy energy, causing $25911s1 Holy damage to an enemy, or $25913s1 healing to an ally.						
25912	spellbook	594	Holy Shock	Rank 1	Blasts the target with Holy energy, causing $25912s1 Holy damage to an enemy, or $25914s1 healing to an ally.						
25913	spellbook	594	Holy Shock	Rank 2	Blasts the target with Holy energy, causing $25911s1 Holy damage to an enemy, or $25913s1 healing to an ally.						
25914	spellbook	594	Holy Shock	Rank 1							
25916	spellbook	184	Greater Blessing of Might	Rank 2	Gives all members of the raid or group that share the same class with the target the Greater Blessing of Might, increasing attack power by $s1 for $d.  Players may only have one Blessing on them per Paladin at any one time.	Increases attack power by $s1.					
25918	spellbook	594	Greater Blessing of Wisdom	Rank 2	Gives all members of the raid or group that share the same class with the target the Greater Blessing of Wisdom, restoring $s1 mana every 5 seconds for $d.  Players may only have one Blessing on them per Paladin at any one time.	Restores $s1 mana every 5 seconds.					
25921	all		Signet Ring of the Bronze Dragonflight CASTER R1 DND								
25922	all		Signet Ring of the Bronze Dragonflight CASTER R2 DND								
25923	all		Signet Ring of the Bronze Dragonflight CASTER R3 DND								
25924	all		Signet Ring of the Bronze Dragonflight CASTER R4 DND								
25925	all		Signet Ring of the Bronze Dragonflight CASTER R5 DND								
25926	all		Viscidus Frost Weakness								
25927	all		Signet Ring of the Bronze Dragonflight DPS R1 DND								
25928	all		Signet Ring of the Bronze Dragonflight DPS R2 DND								
25929	all		Signet Ring of the Bronze Dragonflight DPS R3 DND								
25930	all		Signet Ring of the Bronze Dragonflight DPS R4 DND								
25931	all		Signet Ring of the Bronze Dragonflight DPS R5 DND								
25932	all		Signet Ring of the Bronze Dragonflight TANK R1 DND								
25933	all		Signet Ring of the Bronze Dragonflight TANK R2 DND								
25934	all		Signet Ring of the Bronze Dragonflight TANK R3 DND								
25935	all		Signet Ring of the Bronze Dragonflight TANK R4 DND								
25936	all		Signet Ring of the Bronze Dragonflight TANK R5 DND								
25937	all		Viscidus Freeze								
25938	all		Viscidus Explode Trigger								
25941	all		Well Fed		Mana Regeneration increased by $s1 per 5 seconds. Lasts $d.	Mana Regeneration increased by $s1 per 5 seconds.					
25944	all		zzOLDJudgement of Justice								
25945	all		zzOLDJudgement of Justice								
25947	all		Infatuation		Your spirits are lifted.	Your spirits are lifted, +$s1.					
25952	all		Reindeer Dust Effect								
25953	spellbook	777	Blue Qiraji Battle Tank		Emits a high frequency sound, forcing a silithid tank to burrow out from its home beneath the Temple of Ahn'Qiraj. The silithid is obedient to the summoner and can be used as a mount within the Temple of Ahn'Qiraj. Any hostile action towards the rider forces the tank underground. This mount increases speed depending on your Riding Skill.	Increases speed depending on your Riding Skill.					
25954	spellbook	185	Sagefish Delight								
25956	spellbook	184	Improved Judgement	Rank 1	Decreases the cooldown of your Judgement spell by $/1000;s1 sec.						
25957	spellbook	184	Improved Judgement	Rank 2	Decreases the cooldown of your Judgement spell by $/1000;s1 sec.						
25975	all		Increased Spell Penetration 10		Decreases the magical resistances of your spell targets by $s1.						
25988	spellbook	184	Eye for an Eye	Rank 2	All spell criticals against you cause $s1% of the damage taken to the caster as well.  The damage caused by Eye for an Eye will not exceed 50% of the Paladin's total health.						
25989	all		Toxin		Deals $s1 Nature damage every $t1 sec to targets within $a1 yards, reducing their movement speed for $d.	Deals $s1 damage every $t1 sec.\nSlows movement by $s2%.					
25990	all		Graccu's Mince Meat Fruitcake		Restores $s1% of your health and mana per second for $d.  Must remain seated while eating.  You should also probably like the taste of fruitcake.	Restores $s1% of your health and mana per second.  Mmmm... fruitcake...					
25991	all		Poison Bolt Volley		Shoots poison at an enemy, inflicting Nature damage, then additional damage every $t2 sec. for $d.	$s2 nature damage inflicted every $t2 sec.					
25992	all		Brood of Nozdormu Factoin +1000		Increase your reputation permanently with the Brood of Nozdormu.						
25993	all		Poison Shock		Splashes all targets in front of the caster with poison, dealing $s1 Nature damage.						
25994	all		Membrane of Viscidus								
25995	all		Snowball Visual Test		Throw me before I melt!						
25996	all		Snowball Lasting Visual		Throw me before I melt!						
25997	spellbook	184	Eye for an Eye	Rank 1	All criticals against you cause a percentage of the damage taken to the attacker as well.  The damage caused by Eye for an Eye will not exceed 50% of the Paladin's total health.						
25998	all		Veknis Guardian Call								
25999	all		Charge	Rank 1	Your pet charges an enemy, immobilizing the target and increasing the pet's melee attack power for its next attack.	Immobilized.					
26000	all		Snowball Cloud								
26001	all		Reputation - Ahn'Qiraj Temple Boss		Increase your reputation permanently with the Brood of Nozdomru and the Cenarion Circle.						
26002	all		Suicide								
26003	all		Viscidus Suicide Trigger								
26004	all		Mistletoe		Wish a friend some Season's Greetings!	Season's Greetings!  Increase Spirit by $s2!					
26005	all		Mistletoe Response								
26006	all		Shadow Bolt		Hurls a bolt of dark magic at an enemy, inflicting Shadow damage.						
26007	all		Uppercut		Inflicts normal damage plus $s1 to an enemy, knocking it back.						
26008	all		Toast		Raise a toast to your friend!	A toast to your health!  +$s1 Stamina!					
26009	all		Rotate 360								
26010	spellbook	778	Tranquil Mechanical Yeti		Right Click to summon and dismiss your Tranquil Mechanical Yeti.						
26011	spellbook	202	Tranquil Mechanical Yeti								
26012	all		Tranquil Mechanical Yeti								
26013	all		Deserter			You left a battleground before it was complete and must wait before entering another one.					
26014	all		In Battleground								
26015	all		Ended Battleground								
26016	spellbook	184	Vindication	Rank 2	Gives the Paladin's damaging melee attacks a chance to reduce the target's attributes by $26017s1% for $26017d.						
26017	spellbook	184	Vindication	Rank 2		All attributes reduced by $s1%.					
26018	all		Vindication	Rank 3		All attributes reduced by $s1%.					
26019	all		QAEnchant Boots +8% Speed	QASpell	Permantly enchant boots to increase speed by $13889s1%.						
26020	all		QAEnchant Gloves +5 Herbalism	QASpell	Permanently enchant a cloak to give +$13839s1 Herbalism						
26021	spellbook	184	Vindication	Rank 3	Gives the Paladin's damaging melee attacks a chance to reduce the target's attributes by $26018s1% for $26018d.						
26022	spellbook	184	Pursuit of Justice	Rank 1	Reduces the chance you'll be hit by spells by $s3% and increases movement and mounted movement speed by $s1%.  This does not stack with other movement speed increasing effects.						
26023	spellbook	184	Pursuit of Justice	Rank 2	Reduces the chance you'll be hit by spells by $s3% and increases movement and mounted movement speed by $s1%.  This does not stack with other movement speed increasing effects.						
26025	all		Impale		Inflicts Physical damage to an enemy every $t2 sec. for $d.	$s2 damage inflicted every $t2 sec.					
26027	all		Knockback		Knocks away all enemies within $r1, ignoring them.						
26029	all		Dark Glare		Deals $s1 Shadow damage to all enemies in front of the caster.						
26030	all		Windblossom Berries		Restores $o1 health over $d.   Must remain seated while eating.   Also increases your Stamina by $18191s for $18191d. 	Restores $/5;s1 health per second.					
26034	all		Viscidus Slowed								
26035	all		Celebrate Good Times!		Celebrate good times!	+$s1% to all stats!					
26036	all		Viscidus Slowed More								
26038	all		Whirlwind		Attacks nearby enemies in a whirlwind of steel that lasts $d. and inflicts normal damage plus $26686s1.	Attacking all nearby enemies for normal damage plus $26686s1.					
26041	all		Enrage		Decreases the time between your attacks by $s1% for $d.	Attack speed increased by $s1%.					
26042	all		Psychic Scream		Lets out a psychic scream, causing up to $i nearby enemies to flee for $d.	Fleeing in fear.					
26043	all		Battle Shout		Increases the melee attack power of nearby party members by $s1 for $d.	Melee attack power increased by $s1.					
26044	all		Mind Flay		Inflicts Shadow damage to an enemy and reduces its movement speed for $d.	$s1 Shadow damage inflicted every second for $d.\nReduced movement speed.\nFleeing in fear.					
26045	spellbook	778	Tiny Snowman		Right Click to summon and dismiss your Tiny Snowman.  Requires a Snowball to summon.						
26046	all		Mana Burn		Hits nearby enemies with anti-mana bolts. For each point of mana consumed from a target, that target takes $e1 damage.						
26047	all		Birth								
26048	all		Mind Blast		Inflicts Shadow damage to an enemy, but causes a high amount of threat.						
26049	all		Mana Burn		Hits nearby enemies with anti-mana bolts. For each point of mana consumed from a target, that target takes $e1 damage.	Fleeing in fear.					
26050	all		Acid Spit		Inflicts Nature damage to an enemy every $t1 sec. for $d.	Deals $s1 nature damage every $t1 sec.					
26051	all		Enrage		Decreases the time between your attacks by $s1% for $d.	Attack speed increased by $s1%.					
26052	all		Poison Bolt		Shoots poison at all enemies, inflicting Nature damage.	Deals $s2 nature damage every $t2 sec.					
26053	all		Noxious Poison		Spits a noxious poison onto the target and any enemies within $r1 yd of the target, dealing $s1 Nature damage and silencing them for $d.	Deals $s1 nature damage every $t1 sec.\nCannot cast spells.					
26054	spellbook	777	Red Qiraji Battle Tank		Emits a high frequency sound, forcing a silithid tank to burrow out from its home beneath the Temple of Ahn'Qiraj. The silithid is obedient to the summoner and can be used as a mount within the Temple of Ahn'Qiraj. Any hostile action towards the rider forces the tank underground. This mount increases speed depending on your Riding Skill.	Increases speed depending on your Riding Skill.					
26055	spellbook	777	Yellow Qiraji Battle Tank		Emits a high frequency sound, forcing a silithid tank to burrow out from its home beneath the Temple of Ahn'Qiraj. The silithid is obedient to the summoner and can be used as a mount within the Temple of Ahn'Qiraj. Any hostile action towards the rider forces the tank underground. This mount increases speed depending on your Riding Skill.	Increases speed depending on your Riding Skill.					
26056	spellbook	777	Green Qiraji Battle Tank		Emits a high frequency sound, forcing a silithid tank to burrow out from its home beneath the Temple of Ahn'Qiraj. The silithid is obedient to the summoner and can be used as a mount within the Temple of Ahn'Qiraj. Any hostile action towards the rider forces the tank underground. This mount increases speed depending on your Riding Skill.	Increases speed depending on your Riding Skill.					
26057	all		Pop Dirt Mounds								
26058	all		Summon Ouro Mounds		Ouro's submersion creates $s1 aftershocks.						
26059	all		Explode		Sacrifices the caster's life in order to inflict $s1 Fire damage to nearby enemies.						
26060	all		Summon Ouro Scarabs								
26061	all		Summon Ouro								
26062	all		Birth Cast								
26063	all		Ouro Submerge Visual								
26064	spellbook	251	Shell Shield	Rank 1	Reduces all damage your pet takes by $s1%, but increases the time between your pet's attacks by $s2%.  Lasts $d.	Damage reduced by $s1% and time between attacks increased by $s2%.					
26065	all		Shell Shield	Rank 1							
26066	all		Defender of the Timbermaw		Calls forth a Timbermaw Ancestor to fight at your side and heal you.						
26067	spellbook	778	Summon Mechanical Greench		Summons a mechanical Greench that will protect you for $d.						
26068	all		Berserk			Attack speed increased by $s1%.					
26069	all		Silence	Rank 1	Silences nearby enemies, preventing them from casting spells for $d.	Cannot cast spells.					
26070	all		Fear		Strikes fear in an enemy, causing it to flee in terror for up to $d. Only 1 target can be feared at a time.	Fleeing in fear.					
26071	all		Entangling Roots		Entangles an enemy in roots, inflicting Nature damage every $t2 sec. and immobilizing it for up to $d.	Immobilized.\nNature damage inflicted every $t2 sec.					
26072	all		Dust Cloud		Reduces nearby enemies' chance to hit by $s1% for $d.	Chance to hit reduced by $s1%.					
26073	all		Fire Nova		Inflicts Fire damage to nearby enemies.						
26074	all		Holiday Cheer		Fills targets with holiday cheer.						
26075	all		Set Ouro Health								
26076	all		Save Ouro Health								
26077	all		Itch		Inflict an itch on the target that eventually turns into a poison.	Your skin feels itchy\n					
26078	all		Vekniss Catalyst		The target's skin erupts with poison. Its movement speed is reduced by $s1%, suffers $s2 damage every $t2 seconds and takes additional damage from Vekniss Stings.	Movement speed reduced by $s1%.\n$s2 damage every $t2 seconds.\nIncreased damage from Vekniss Stings.					
26079	all		Cause Insanity		Drives an enemy target temporarily insane, speeding its attacks by $s2% and its movement by $s3%, as well as causing it to attack its own allies for $d.	Charmed.\nAttack speed increased by $s2%.\nMovement speed increased by $s3%.					
26080	all		Stinger Charge Primer								
26081	all		Stinger Charge		Charges an enemy, inflicting normal damage plus $s2						
26082	all		Stinger Charge		Charges an enemy, inflicting normal damage plus $s2						
26083	all		Whirlwind		Attacks nearby enemies in a whirlwind of steel that lasts $d. and inflicts normal damage plus $15576s1.	Attacking all nearby enemies for normal damage plus $15576s1.\nImmune to stun.					
26084	all		Whirlwind		Attacks nearby enemies in a whirlwind of steel that inflicts normal damage plus $s1.						
26085	spellbook	197	Soul Pouch								
26086	spellbook	197	Felcloth Bag								
26087	spellbook	197	Core Felcloth Bag								
26090	spellbook	215	Thunderstomp	Rank 1	Shakes the ground with thundering force, doing $s1 Nature damage to all enemies within $a1 yards.  This ability causes a moderate amount of additional threat.						
26092	all		Dirt Mound Passive								
26093	all		Quake		The ground quakes dealing $s1 Nature damage to targets caught in the aftermath.						
26094	all		Thunderstomp	Rank 1							
26095	all		Felcloth Bag								
26096	all		Jandice Drops Journal DND								
26097	all		Healing Wave		Calls upon Nature magic to heal an ally.						
26098	all		Lightning Bolt		Blasts an enemy with lightning, inflicting Nature damage.						
26099	all		Battle Shout		Increases the damage of nearby party members by $s1% and attack speed by $s2% for $d.	Damage increased by $s1% and attack speed by $s2%					
26100	all		Ground Rupture		The ground beneath the target ruptures, dealing $s1 damage and knocking the target back.						
26101	all		Ground Rupture								
26102	all		Sand Blast		Spews sand at any targets in a hemisphere around Ouro, dealing $s1 Nature damage and stunning them for $d. Targets hit by Sand Blast are ignored.	Stunned.					
26103	all		Sweep		Deals $s1 damage to any enemies within $r1, knocking them back.						
26104	all		Ouro Submerge Trigger								
26105	all		Glare								
26106	all		Genesis Rebirth Bonus		Reduces the cooldown of Rebirth by $/60000;s1 minutes.						
26107	all		Symbols of Unending Life Finisher Bonus		Your finishing moves now refund 30 energy on a Miss, Dodge, Block, or Parry.						
26108	all		Glimpse of Madness		Disorients the target, causing it to wander aimlessly for up to $d.	Disoriented.					
26109	all		Conqueror Shout Bonus		Decreases the rage cost of all Warrior shouts by $s1%.						
26110	all		Conqueror Thunder Clap Bonus		Increase the Slow effect and damage of Thunder Clap by $s1%.						
26111	all		Battlegear of Unyielding Strength Intercept Bonus		-$/10;s1 rage cost to Intercept.						
26112	all		Deathdealer Evasion Bonus		Reduces the cooldown of your Evasion ability by -$/60000;s1 min.						
26113	all		Deathdealer Eviscerate Bonus		$s1% increased damage to your Eviscerate ability.						
26114	all		Emblems of Veiled Shadows Slice and Dice Bonus		-$s1 energy cost for your Slice and Dice ability.						
26115	all		Bruiser Sleeping		Nothing like a drunken nap to take the edge off a long day at work...						
26116	all		Doomcaller Immolate Bonus		$s1% increased damage on your Immolate spell.						
26117	all		Doomcaller Reduced Shadow Bolt Cost		Reduces the mana cost of Shadow Bolt by $s1%.						
26118	all		Implements of Unspoken Names Pet Bonus		$s1% increased damage from your summoned pets' melee attacks and damage spells.						
26119	all		Stormcaller Spelldamage Bonus		Your Lightning Bolt, Chain Lightning, and Shock spells have a 20% chance to grant up to $26121s1 Nature damage to spells for $26121d.						
26121	all		Stormcaller's Wrath		Increases nature spell power by $s1 for $d.	Increased nature spell power by $s1.					
26122	all		Stormcaller Chain Heal Bonus		-$/1000;S1 seconds on the casting time of your Chain Heal spell.						
26123	all		Gift of the Gathering Storm Chain Lightning Bonus		Increases the chain target damage multiplier of your Chain Lightning spell by $s1%.						
26125	all		Horde Reputation								
26126	all		Alliance Reputation								
26127	all		Enigma Blizzard Bonus		Your Blizzard spell has a 30% chance to be uninterruptible.						
26128	all		Enigma Resist Bonus		Grants +$26129s1% increased spell hit chance for $26129d when one of your spells is resisted.						
26129	all		Enigma's Answer		Increases spell hit rating by $s1 for $d. Stacks up to 4 times.	Increases spell hit rating by $s1.					
26130	all		Avenger Judgment Bonus		Increases the duration of your Judgements by $s1%.						
26131	all		Trappings of Vaulted Secrets Mana Shield Bonus		$s1% increase to the total damage absorbed by Mana Shield.						
26132	all		Enigma's Solitude			Uninterruptable while casting Blizzard.					
26133	all		Summon Sandworm Base								
26134	all		Eye Beam		Deals $s1 Nature damage to the target and up to $x1 additional targets.						
26135	all		Battlegear of Eternal Justice		20% chance to regain 100 mana when you cast a Judgement.						
26136	all		Rotate -360								
26137	all		Rotate Trigger								
26139	all		Ground Rupture		Deals $s1 damage to all enemies within $a1 yards.						
26140	all		Summon Hook Tentacle								
26141	all		Hamstring		Inflicts weapon damage plus $s1 to an enemy, reducing its movement speed by $s2% for $d.	Movement speed reduced by $s2%.					
26142	all		Increase Spell Dam 53		Increases damage and healing done by magical spells and effects by up to $s1.						
26143	all		Mind Flay		Inflicts Shadow damage to an enemy and reduces its movement speed for $d.	$s1 Shadow damage inflicted every second for $d.\nMovement speed reduced to $s2% of normal.					
26144	all		Summon Eye Tentacle								
26145	all		Summon Eye Tentacle								
26146	all		Summon Eye Tentacle								
26147	all		Summon Eye Tentacle								
26148	all		Summon Eye Tentacle								
26149	all		Summon Eye Tentacle								
26150	all		Summon Eye Tentacle								
26151	all		Summon Eye Tentacle								
26152	all		Summon Eye Tentacles								
26153	all		Attack Power - Feral (+140)		+$s1 Attack Power in Cat, Bear, and Dire Bear forms only.						
26154	all		Increase Healing 90		Increases healing done by up to $s1 and damage done by up to $s2 for all magical spells and effects.						
26155	all		Increase Spell Dam 59		Increases damage and healing done by magical spells and effects by up to $s1.						
26156	all		Carapace of C'Thun								
26157	all		PX-238 Winter Wondervolt			Happy Holidays!					
26158	all		Increase Spell Dam 60		Increases damage and healing done by magical spells and effects by up to $s1.						
26159	all		Gnomeregan Reputation								
26160	all		Ironforge Reputation								
26161	all		Stormwind Reputation								
26162	all		Orgrimmar Reputation								
26163	all		Darkspear Reputation								
26164	all		Undercity Reputation								
26165	all		Thunder Bluff Reputation								
26166	all		Obsidian Insight		Increases damage done by magical spells and effects by up to $s1, and decreases the magical resistances of your spell targets by $s2 for $d.	Magical damage increased by up to $s1.\nMagical resistances of your spell targets reduced by $s2.					
26167	all		Colossal Smash		Deals $s1 damage to all enemies within range, knocking them back.						
26168	all		Chitinous Spikes		Spikes sprout from you causing $s1 Nature damage to attackers when hit.  Lasts $d.	Causes $s1 Nature damage to attackers.					
26169	all		Oracle Healing Bonus		20% chance that your heals on others will also heal you 10% of the amount healed.						
26170	all		Oracular Heal		Heal your target for $s1.						
26171	all		Increased Renew Duration		Increases the duration of your Renew spell by $/1000;s1 sec.						
26172	all		Infinite Wisdom Shadow Word: Pain Bonus		Increases the damage of your Shadow Word: Pain spell by $s1%.						
26173	all		Striker's Arcane Shot Bonus		Reduces the cost of your Arcane Shots by $s1%.						
26174	all		Striker's Rapid Fire Bonus		Reduces the cooldown of your Rapid Fire ability by $/60000;s1 minutes.						
26175	all		Increased Spell Penetration 38		Decreases the magical resistances of your spell targets by $s1.						
26176	all		Unseen Path Pet Bonus		Increases your pet's damage by $s1%.						
26177	spellbook	211	Charge	Rank 2	Charges an enemy, immobilizes it for $7922d, and adds $s2 melee attack power to the boar's next attack.						
26178	spellbook	211	Charge	Rank 3	Charges an enemy, immobilizes it for $7922d, and adds $s2 melee attack power to the boar's next attack.						
26179	spellbook	211	Charge	Rank 4	Charges an enemy, immobilizes it for $7922d, and adds $s2 melee attack power to the boar's next attack.						
26180	all		Wyvern Sting		A stinging shot that puts the target to sleep for $d.  Any damage will cancel the effect.	Asleep.					
26181	all		Strike								
26182	all		Burrow								
26183	all		Burrow								
26184	all		Charge	Rank 2							
26185	all		Charge	Rank 3							
26186	all		Charge	Rank 4							
26187	spellbook	215	Thunderstomp	Rank 2	Shakes the ground with thundering force, doing $s1 Nature damage to all enemies within $a1 yards.  This ability causes a moderate amount of additional threat.						
26188	spellbook	215	Thunderstomp	Rank 3	Shakes the ground with thundering force, doing $s1 Nature damage to all enemies within $a1 yards.  This ability causes a moderate amount of additional threat.						
26189	all		Thunderstomp	Rank 2							
26190	all		Thunderstomp	Rank 3							
26191	all		Teleport Giant Hook Tentacle								
26192	all		Arcane Explosion		Sends out a blast wave of magic, inflicting Arcane damage to nearby enemies.						
26193	all		Consume								
26194	all		Earth Shock		Shocks an enemy with concussive force, inflicting Nature damage and interrupting the spell being cast for $d.						
26195	all		Whisperings of C'Thun		Takes control of a humanoid enemy up to level $s1 for $d.	You serve C'Thun now, mortal.					
26196	all		Consume			You are being consumed!					
26197	all		Whisperings of C'Thun		Takes control of a humanoid enemy up to level $s1 for $d.	You serve C'Thun now, mortal.					
26198	all		Whisperings of C'Thun		Takes control of a humanoid enemy up to level $s1 for $d.	You serve C'Thun now, mortal.					
26199	all		Darkmaster Gandling Christmas Disguise								
26200	all		Christmas Darkmaster Gandling								
26201	spellbook	211	Charge	Rank 5	Charges an enemy, immobilizes it for $7922d, and adds $s2 melee attack power to the boar's next attack.						
26202	all		Charge	Rank 5							
26203	all		Spell Penetration 150 Fire Resist		Decreases the fire resistance of your spell targets by $s1.						
26204	all		Spell Penetration 150 Frost Resist		Decreases the frost resistance of your spell targets by $s1.						
26205	all		Teleport Giant Hook Tentacle Trigger								
26206	all		Create Mistletoe								
26207	all		Create Fresh Holly								
26208	all		Resist Silence		Increases your resistance to silence effects by $s1%.						
26209	all		Christmas Cannon Master Willey								
26210	all		Christmas Prince Tortheldrin								
26211	all		Hamstring		Inflicts weapon damage plus $s1 to an enemy, reducing its movement speed by $s2% for $d.	Movement speed reduced by $s2%.					
26212	all		Christmas Emperor Dagran Thaurissan								
26213	all		Summon Giant Hook Tentacles								
26214	all		Christmas Warchief Rend Blackhand								
26215	all		Christmas War Master Voone								
26216	all		Summon Giant Hook Tentacles								
26217	all		Summon Giant Hook Tentacles								
26218	all		Mistletoe			You've kissed someone under a sprig of mistletoe!					
26220	all		Digestive Acid								
26221	all		Exit Stomach								
26222	all		Preparation								
26224	all		Exit Stomach								
26225	all		Increase Healing 106		Increases healing done by up to $s1 and damage done by up to $s2 for all magical spells and effects.						
26226	all		Widow Bite	Rank 1							
26227	all		Increase Spell Dam 68		Increases damage and healing done by magical spells and effects by up to $s1.						
26228	all		Increase Healing 121		Increases healing done by up to $s1 and damage done by up to $s2 for all magical spells and effects.						
26229	all		Summon Player								
26230	all		Exit Stomach								
26231	all		Christmas Goraluk Anvilcrack								
26232	all		Transform C'Thun -> Phase 2								
26233	all		Wyvern Sting		Deals Nature damage when the target is awakened.						
26234	all		Submerge Visual								
26235	all		Cthun Vulnerable								
26236	all		Summon Mouth Tentacles								
26237	all		Summon Mouth Tentacles								
26239	all		Winter Reveler - Human Male								
26240	all		Winter Reveler - Human Female								
26241	all		Winter Reveler - Dwarf Male								
26242	all		Winter Reveler - Dwarf Female								
26243	all		Winter Reveler - Goblin Female								
26244	all		Winter Reveler - Goblin Male								
26245	all		Winter Reveler - Night Elf Female								
26246	all		Winter Reveler - Night Elf Male								
26247	all		Winter Reveler - Orc Female								
26248	all		Winter Reveler - Orc Male								
26249	all		Winter Reveler - Tauren Female								
26250	all		Winter Reveler - Tauren Male								
26251	all		Winter Reveler - Troll Female								
26252	all		Winter Reveler - Troll Male								
26253	all		Winter Reveler - Undead Female								
26254	all		.Winter Reveler - Undead Male								
26255	all		Check Reset								
26256	all		Check Reset								
26257	all		Check Reset								
26258	all		Whisperings of C'Thun		Takes control of a humanoid enemy up to level $s1 for $d.	You serve C'Thun now, mortal.					
26259	all		Whisperings of C'Thun		Takes control of a humanoid enemy up to level $s1 for $d.	You serve C'Thun now, mortal.					
26260	all		Food			Restores $/5;s1 health per second.					
26261	all		Drink			Restores $/5;s2 mana per second.					
26262	all		Birth								
26263	all		Dim Sum		Restores $s1% of your health and mana per second for $d.  Must remain seated while eating.	Restores $s1% of your health and mana per second.					
26264	all		Despawn								
26265	all		Create Elune Stone		Create an Elune Stone.  Requires a Solid Stone.						
26268	all		Despawn Self								
26270	all		Despawn Self								
26271	all		Rocky Ground Impact								
26272	all		PX-238 Winter Wondervolt			Happy Holidays!					
26273	all		PX-238 Winter Wondervolt			Happy Holidays!					
26274	all		PX-238 Winter Wondervolt			Happy Holidays!					
26275	all		PX-238 Winter Wondervolt TRAP								
26276	all		Greater Firepower		Increases spell fire damage by up to $s1 for $d. Battle Elixir.	Fire damage dealt by spells and abilities is increased by up to $s1. Battle Elixir.					
26277	spellbook	171	Elixir of Greater Firepower								
26279	spellbook	165	Stormshroud Gloves								
26281	all		Taunt		Taunts the creature, increasing the chance that it will attack the caster.						
26282	all		Shoot Tauren Rifleman		Shoots at an enemy, inflicting Physical damage.						
26283	all		Increased Spell Penetration 20		Decreases the magical resistances of your spell targets by $s1.						
26284	all		Summon Ouro Trigger								
26285	all		Teleport Ouro Trigger								
26286	all		Small Red Rocket		Throw into a firework launcher!						
26287	all		Summon Rocky Base								
26290	all		Bow Specialization	Racial Passive	Your chance to critically hit with Bows is increased by $s1%.						
26291	all		Small Blue Rocket		Throw into a firework launcher!						
26292	all		Small Green Rocket		Throw into a firework launcher!						
26293	all		Small Purple Rocket		Throw into a firework launcher!						
26294	all		Small White Rocket		Throw into a firework launcher!						
26295	all		Small Yellow Rocket		Throw into a firework launcher!						
26297	all		Berserking	Racial	Increases your attack and casting speed by $s1% for $d.	Attack and casting speed increased.					
26298	all		Create Firework Rocket Launcher		Place on the ground to launch firework rockets.  Lasts 30 minutes.						
26299	all		Create Cluster Rocket Launcher		Place on the ground to launch cluster rockets.  Lasts 30 minutes.						
26300	all		Cluster Rocket, BLUE - N								
26301	all		Cluster Rocket, BLUE - D								
26302	all		Cluster Rocket, BLUE - SE								
26303	all		Cluster Rocket, BLUE - SW								
26304	all		Blue Firework Cluster		Throw into a cluster launcher!						
26305	all		Cluster Rocket, RED - D								
26306	all		Cluster Rocket, RED - N								
26307	all		Cluster Rocket, RED - SE								
26308	all		Cluster Rocket, RED - SW								
26309	all		Cluster Rocket, GREEN - D								
26310	all		Cluster Rocket, GREEN - N								
26311	all		Cluster Rocket, GREEN - SE								
26312	all		Cluster Rocket, GREEN - SW								
26313	all		Cluster Rocket, PURPLE - D								
26314	all		Cluster Rocket, PURPLE - N								
26315	all		Cluster Rocket, PURPLE - SE								
26316	all		Cluster Rocket, PURPLE - SW								
26317	all		Cluster Rocket, WHITE - D								
26318	all		Cluster Rocket, WHITE - N								
26319	all		Cluster Rocket, WHITE - SE								
26320	all		Cluster Rocket, WHITE - SW								
26321	all		Cluster Rocket, YELLOW - D								
26322	all		Cluster Rocket, YELLOW - N								
26323	all		Cluster Rocket, YELLOW - SE								
26324	all		Cluster Rocket, YELLOW - SW								
26325	all		Green Firework Cluster		Throw into a cluster launcher!						
26326	all		Purple Firework Cluster		Throw into a cluster launcher!						
26327	all		Red Firework Cluster		Throw into a cluster launcher!						
26328	all		White Firework Cluster		Throw into a cluster launcher!						
26329	all		Yellow Firework Cluster		Throw into a cluster launcher!						
26331	all		Vengeance			Attack speed increased by $s1%.\nMovement speed increased by $s2%.					
26332	all		Summon Mouth Tentacle								
26333	all		Large Blue Rocket		Throw into a firework launcher!						
26334	all		Large Green Rocket		Throw into a firework launcher!						
26335	all		Large Purple Rocket		Throw into a firework launcher!						
26336	all		Large Red Rocket		Throw into a firework launcher!						
26337	all		Large White Rocket		Throw into a firework launcher!						
26338	all		Large Yellow Rocket		Throw into a firework launcher!						
26339	all		Saurfang's Rage		Saurfang's rage comes in the form of a mighty round-house kick, followed by a sweeping strike that deals $s1 damage.						
26340	all		Despawn Kaldorei Elite								
26341	all		Saurfang's Rage								
26342	all		Rajaxx Event - Bonus Cenarion Faction								
26344	all		Rocket, BLUE		Launches a firework at a launcher.						
26345	all		Rocket, GREEN		Launches a firework at a launcher.						
26346	all		Rocket, PURPLE		Launches a firework at a launcher.						
26347	all		Rocket, RED		Launches a firework at a launcher.						
26348	all		Rocket, WHITE		Launches a firework at a launcher.						
26349	all		Rocket, YELLOW		Launches a firework at a launcher.						
26350	all		Cleave		Inflicts weapon damage plus $s1 to an enemy and its nearest allies, affecting up to $x1 targets.						
26351	all		Rocket, BLUE BIG		Launches a firework at a launcher.						
26352	all		Rocket, GREEN BIG		Launches a firework at a launcher.						
26353	all		Rocket, PURPLE BIG		Launches a firework at a launcher.						
26354	all		Rocket, RED BIG		Launches a firework at a launcher.						
26355	all		Rocket, WHITE BIG		Launches a firework at a launcher.						
26356	all		Rocket, YELLOW BIG		Launches a firework at a launcher.						
26357	all		Cluster Rocket, BLUE - U								
26358	all		Cluster Rocket, GREEN - U								
26359	all		Cluster Rocket, PURPLE - U								
26360	all		Cluster Rocket, RED - U								
26361	all		Cluster Rocket, WHITE - U								
26362	all		Cluster Rocket, YELLOW - U								
26363	spellbook	373	Lightning Shield	Rank 7	Casts a bolt of lightning at the target for $s1 Nature damage.						
26364	spellbook	373	Lightning Shield	Rank 1	Casts a bolt of lightning at the target for $s1 Nature damage.						
26365	spellbook	373	Lightning Shield	Rank 2	Casts a bolt of lightning at the target for $s1 Nature damage.						
26366	spellbook	373	Lightning Shield	Rank 3	Casts a bolt of lightning at the target for $s1 Nature damage.						
26367	spellbook	373	Lightning Shield	Rank 4	Casts a bolt of lightning at the target for $s1 Nature damage.						
26368	spellbook	769	ClearAllo		Clears all debuffs\n\n----- \n\nHow is this spell different from 25565?\nThis one is not self-only. How are you btw?						
26369	spellbook	373	Lightning Shield	Rank 5	Casts a bolt of lightning at the target for $s1 Nature damage.						
26370	spellbook	373	Lightning Shield	Rank 6	Casts a bolt of lightning at the target for $s1 Nature damage.						
26371	spellbook	373	Lightning Shield	Rank 8	Casts a bolt of lightning at the target for $s1 Nature damage.						
26372	spellbook	373	Lightning Shield	Rank 9	Casts a bolt of lightning at the target for $s1 Nature damage.						
26373	all		Lunar Invititation		Teleports the caster from within Greater Moonlight.						
26374	all		Elune's Candle		Shoots a firework at target.						
26375	all		Create Lunar Festival Invitation								
26376	all		Combo PROC Test		Casts a spell when you do something.						
26377	all		My Little PROC	Rank 1							
26379	all		Piercing Shriek		Causes all enemies nearby to be dazed for $d.	Dazed.					
26381	all		Burrow		Burrow beneath the sand, picking a new target and rushing towards it.	Burrowed beneath the sands.					
26382	all		Burrow								
26383	all		Night Elf Harbinger								
26384	all		Night Elf Lunar Festival Vendor								
26385	all		You'll Need a Gryphon: Uzo's Ritual of Blood Triggered Transform								
26388	all		Glowy (NoColor)								
26389	all		Moonglow Alcohol		A strangely glowing alcoholic beverage.	Buzzed.					
26390	all		Glowy (NoColor)								
26391	spellbook	778	Tentacle Call		Summons a Vanquished Tentacle to your aid for $d.						
26392	all		Omen's Moonlight		Summons moonlight around Omen, which buffs anyone who walks into it.						
26393	all		Elune's Blessing		You are blessed by Elune.  All stats increased by $s1%.	You are blessed by Elune.  All stats increased by $s1%.					
26394	all		Elune's Blessing (quest credit)								
26395	all		Increase Spell Dam 72		Increases damage and healing done by magical spells and effects by up to $s1.						
26396	all		Summon Portal Ground State								
26397	all		Summon Hook Tentacles								
26398	all		Summon Hook Tentacles								
26399	all		Despawn Tentacles								
26400	all		Arcane Shroud		Reduces the threat you generate by $s1% for $d.	Threat generation reduced by $s1%.					
26401	all		Food			Restores $/5;s1 health per second.					
26402	all		Drink			Restores $/5;s2 mana per second.					
26403	spellbook	197	Festival Dress								
26404	all		Despawn Tent Port								
26405	all		Increase Fire Dam 57		Increases damage done by Fire spells and effects by up to $s1.						
26406	all		Holiday - Lunar Teleport Cap: Stormwind		Teleports the caster to the Stormwind.						
26407	spellbook	197	Festive Red Pant Suit								
26408	all		Holiday - Lunar Teleport Cap: Ironforge		Teleports the caster to the Ironforge.						
26409	all		Holiday - Lunar Teleport Cap: Darnassus		Teleports the caster to the Darnassus.						
26410	all		Holiday - Lunar Teleport Cap: Undercity		Teleports the caster to the Undercity.						
26412	all		Holiday - Lunar Teleport Cap: Thunderbluff		Teleports the caster to Thunderbluff.						
26414	all		Holiday - Lunar Teleport Cap: Orgrimmar		Teleports the caster to Orgrimmar.						
26415	all		Shock		Instantly lightning shocks the target for $s1 Nature damage.						
26416	spellbook	202	Small Blue Rocket								
26417	spellbook	202	Small Green Rocket								
26418	spellbook	202	Small Red Rocket								
26419	all		Acid Spray		Inflicts Nature damage to an enemy.	Increased damage taken from nature sources by $s2.					
26420	spellbook	202	Large Blue Rocket								
26421	spellbook	202	Large Green Rocket								
26422	spellbook	202	Large Red Rocket								
26423	spellbook	202	Blue Rocket Cluster								
26424	spellbook	202	Green Rocket Cluster								
26425	spellbook	202	Red Rocket Cluster								
26426	spellbook	202	Large Blue Rocket Cluster								
26427	spellbook	202	Large Green Rocket Cluster								
26428	spellbook	202	Large Red Rocket Cluster								
26442	spellbook	202	Firework Launcher								
26443	spellbook	202	Firework Cluster Launcher								
26446	all		Summon Player		Summons an enemy player.						
26447	all		Despawn Hive'Zara Hornets								
26448	all		Holiday - Teleport: Moonglade		Teleports the caster to the Moonglade.						
26450	all		Holiday - Lunar Teleport: Darnassus		Teleports the caster to the Darnassus.						
26451	all		Holiday - Teleport: Moonglade (self)		Teleports the caster to the Moonglade.						
26452	all		Holiday - Lunar Teleport: Ironforge		Teleports the caster to the Ironforge.						
26453	all		Holiday - Lunar Teleport: Orgrimmar		Teleports the caster to Orgrimmar.						
26454	all		Holiday - Lunar Teleport: Stormwind		Teleports the caster to the Stormwind.						
26455	all		Holiday - Lunar Teleport: Thunderbluff		Teleports the caster to Thunderbluff.						
26456	all		Holiday - Lunar Teleport: Undercity		Teleports the caster to the Undercity.						
26457	all		Drain Mana								
26458	all		Shock Blast		A blast wave of energy pulses from the caster, causing $s1 Nature damage to all enemies within 40 yd, knocking them back.						
26459	all		Increase Spell Dam 80		Increases damage and healing done by magical spells and effects by up to $s1.						
26460	all		Increase Spell Dam 76		Increases damage and healing done by magical spells and effects by up to $s1.						
26461	all		Increase Healing 143		Increases healing done by up to $s1 and damage done by up to $s2 for all magical spells and effects.						
26462	all		Festival Fortune!		May fortune be with you!	May fortune be with you!					
26463	all		Mercurial Shield		Increases your spell resistances by 100 for $d. Every time a hostile spell lands on you, this bonus is reduced by 10 resistance.						
26464	all		Mercurial Shield			Magical resistances increased by $s1.					
26465	all		Mercurial Shield								
26467	all		Persistent Shield		Your magical heals provide the target with a shield that absorbs damage equal to 15% of the amount healed for $d.	Provides damage absorption on heal.					
26469	all		Summon Snowman		Right Click to summon and dismiss your snowman. Requires a Snowball to summon.						
26470	all		Persistent Shield		Absorbs damage.	Absorbs damage.					
26471	all		Lunar Festival Port Error								
26472	all		Food			Restores $/5;s1 health per second.					
26473	all		Drink			Restores $/5;s2 mana per second.					
26474	all		Food			Restores $/5;s1 health per second.					
26475	all		Drink			Restores $/5;s2 mana per second.					
26476	all		Digestive Acid		Deals $s1 damage every $t1 sec.	Deals $s1 damage every $t1 sec.					
26477	all		Summon Giant Portal Ground State								
26478	all		Ground Rupture								
26479	all		Digestive Acid								
26480	all		Badge of the Swarmguard		Gives a chance on melee or ranged attack to apply an armor penetration effect on you for $d, lowering the target's physical armor by $26481s1 to your own attacks. The armor penetration effect can be applied up to 6 times.	Grants Insight of the Qiraji on attacks.					
26481	all		Insight of the Qiraji			You gain $s1 armor penetration rating.					
26483	all		Cluster Rocket, BLUE BIG - D								
26484	all		Cluster Rocket, BLUE BIG - N								
26485	all		Cluster Rocket, BLUE BIG - SE								
26486	all		Cluster Rocket, BLUE BIG - SW								
26487	all		Cluster Rocket, BLUE BIG - U								
26488	all		Large Blue Firework Cluster		Throw into a cluster launcher!						
26489	all		Entering Battleground								
26490	all		Large Green Firework Cluster		Throw into a cluster launcher!						
26491	all		Cluster Rocket, GREEN BIG - D								
26492	all		Cluster Rocket, GREEN BIG - N								
26493	all		Cluster Rocket, GREEN BIG - SE								
26494	all		Cluster Rocket, GREEN BIG - SW								
26495	all		Cluster Rocket, GREEN BIG - U								
26496	all		Cluster Rocket, PURPLE BIG - D								
26497	all		Cluster Rocket, PURPLE BIG - N								
26498	all		Cluster Rocket, PURPLE BIG - SE								
26499	all		Cluster Rocket, PURPLE BIG - SW								
26500	all		Cluster Rocket, PURPLE BIG - U								
26501	all		Cluster Rocket, RED BIG - D								
26502	all		Cluster Rocket, RED BIG - N								
26503	all		Cluster Rocket, RED BIG - SE								
26504	all		Cluster Rocket, RED BIG - SW								
26505	all		Cluster Rocket, RED BIG - U								
26506	all		Cluster Rocket, WHITE BIG - D								
26507	all		Cluster Rocket, WHITE BIG - N								
26508	all		Cluster Rocket, WHITE BIG - SE								
26509	all		Cluster Rocket, WHITE BIG - SW								
26510	all		Cluster Rocket, WHITE BIG - U								
26511	all		Cluster Rocket, YELLOW BIG - D								
26512	all		Cluster Rocket, YELLOW BIG - N								
26513	all		Cluster Rocket, YELLOW BIG - SE								
26514	all		Cluster Rocket, YELLOW BIG - SW								
26515	all		Cluster Rocket, YELLOW BIG - U								
26516	all		Large Purple Firework Cluster		Throw into a cluster launcher!						
26517	all		Large Red Firework Cluster		Throw into a cluster launcher!						
26518	all		Large White Firework Cluster		Throw into a cluster launcher!						
26519	all		Large Yellow Firework Cluster		Throw into a cluster launcher!						
26520	all		Night Elf Lunar Festival Emissary								
26521	all		Lucky Lunar Rocket		You're in luck!  Throw into a cluster launcher!						
26522	all		Lunar Fortune		The Luck of the Moon!  +$s1 Health.	The Luck of the Moon!  +$s1 Health.					
26523	all		Rajaxx Event - Bonus Cenarion Faction								
26524	all		Sand Trap								
26525	all		True Fulfillment								
26527	all		Frenzy		Increases the caster's attack speed by $s2% and the Physical damage it deals by $s1 for $d.	Physical damage dealt is increased by $s1.\nAttack speed increased by $s2%.					
26528	all		Summon Reindeer		Right Click to summon and dismiss your reindeer. Requires a Snowball to summon.						
26529	spellbook	778	Winter Reindeer		Right Click to summon and dismiss your Winter Reindeer.  Requires a Snowball to summon.						
26532	all		Summon Helper		Right Click to summon and dismiss your helper. Requires a Snowball to summon.						
26533	spellbook	778	Father Winter's Helper		Right Click to summon and dismiss your Father Winter's Helper.  Requires a Snowball to summon.						
26538	all		Summon Hive'Zara Larva								
26539	all		Summon Hive'Zara Larva								
26540	all		Starfall		Calls down a rain of moonlight, burning all enemies in a selected area for $s1 Arcane damage every $t1 sec. for $d.	$s1 Arcane damage inflicted every $t1 sec.					
26541	spellbook	778	Summon Helper		Right Click to summon and dismiss your helper. Requires a Snowball to summon.						
26542	all		Sprint								
26543	all		Sprint								
26544	all		Omen, self damage								
26546	all		Shadow Storm		Throws shadowbolts at any enemies between 25 and 45 feet						
26547	all		Green Glowing Owl								
26548	all		Impale		Inflicts Physical damage to an enemy every $t1 sec. for $d.	$s1 damage inflicted every $t1 sec.					
26549	all		Last Man Standing								
26550	all		Lightning Cloud		Creates a cloud of lightning that lasts $d., blasting all enemies in a selected area for $s1 Nature damage and inflicting $s2 additional damage every $t2 sec.						
26551	all		Jade Owl		Restores $s1 mana every second for $d.	Gain $s1 mana every second.					
26552	all		Nullify		Nullifies all enemies within $a1 yards, reducing them to 1 health and stunning them for $d.	Stunned.					
26553	all		Choose Random Powers								
26554	all		Thunderclap		Damages all nearby enemies for $s1 nature damage						
26555	all		Shadow Storm		Throws shadowbolts at any enemies between 25 and 45 feet						
26556	all		Plague		Infects the target with plague, causing it to deal Nature damage to any nearby allies every $t1 sec for $d.	Nature damage inflicted every $t1 sec.\nPeriodically inflicting Nature damage on nearby party members					
26557	all		Plague Effect		Infects the target with plague, causing it to deal Nature damage to any nearby allies.						
26558	all		Meteor		Deals $s1 Fire damage, split between all enemies within $r1 yards of the impact crater.						
26559	all		Drain Mana								
26560	all		Summon Arete's Gate		Summons Arete's Gate. Must be used within 10 yards of Archbishop Landgren's corpse.						
26561	all		Berserker Charge		Charges at an enemy, knocking it back and inflicting normal damage plus $s3.						
26562	all		Aquamarine Pendant of the Warrior		Gives $M1 additional stamina to party members within $a1 yards.  Lasts $d.	Stamina increased by $s1.					
26563	all		Jade Owl Summoned								
26564	all		Summon Viscidus Trigger								
26565	all		Heal Brethren		Heal a target for $s1						
26566	all		Translocate								
26567	all		Despawn Self								
26568	all		Ravenous Jaws: Cancel Blood Cosmetic Aura								
26569	all		Hate to Zero								
26570	all		Prophet Skeram Death								
26571	all		Golden Hare		Increased speed by $s1% and prevents new snares from landing on the user for $d.	Increased speed by $s1% and prevents new snares from landing.					
26572	all		Translocate								
26573	spellbook	594	Consecration	Rank 1	Consecrates the land beneath the Paladin, doing $o1 Holy damage over $d to enemies who enter the area.	$s1 damage every $t1 $lsecond:seconds;.					
26575	all		Toxin								
26576	all		Black Pearl Panther		Increases attack power by $s1 for $d.	Increases attack power by $s1.					
26577	all		Summon Toxic Slime								
26578	all		Stealth 3		Increases your stealth slightly.						
26579	all		Teleport Eversong Woods - West Sanctum - Up								
26580	all		Fear		Strikes fear in an enemy, causing it to flee in terror for up to $d. Only 1 target can be feared at a time.	Fleeing in fear.					
26581	all		Truesilver Crab		Reduces melee damage taken by $s1 for $d.	Reduces melee damage taken by $s1.					
26582	all		Despawn Self								
26584	all		Summon Toxic Slime								
26585	all		Despawn Toxic Slimes								
26586	all		Birth								
26587	all		Opening Scarab Coffer		Opens a Scarab Coffer.						
26588	all		Opening Greater Scarab Coffer		Opens a Greater Scarab Coffer.						
26589	all		Cancel True Fulfillment								
26590	all		Summon Poison Cloud		Inflicts Nature damage to nearby enemies for $d.						
26591	all		Teleport Image								
26592	all		Bestial Wrath								
26593	all		Truesilver Boar		Summons the Truesilver Boar to fight for you for 30 seconds.	The Truesilver Boar fights for you!					
26594	all		Despawn Base								
26596	all		Weapon Damage		+$s1 Weapon Damage.						
26597	all		Weapon Damage		+$s1 Weapon Damage.						
26598	all		Weapon Damage		+$s1 Weapon Damage.						
26599	all		Ruby Serpent		Increases spell power by $s1 for $d.	Increases spell power by $s1.					
26600	all		Emerald Owl		Restores $s1 mana every second for $d.	Gain $s1 mana every second.					
26601	all		Poison Bolt		Shoots poison at an enemy, inflicting Nature damage, then additional damage every $t2 sec. for $d.	$s2 nature damage inflicted every $t2 sec.					
26602	all		Immune Effect: Taunt & AttackMe								
26603	all		Initialize Twin								
26604	all		Hallucination Invisibility								
26605	all		Bloodcrown		Heals for $26606s1 damage when you get a critical hit.						
26606	all		Bloodcrown		Heals bearer of $s1 damage when getting a critical hit.						
26607	all		Blizzard		Ice shards pelt the target area doing $o1 Frost damage over $d.	$s1 Frost damage every $t1 $lsecond:seconds;.\nMovement speed reduced by $s2%.					
26608	all		Despawn Globs								
26609	all		Black Diamond Crab		Reduces melee damage taken by $s1 for $d.	Reduces melee damage taken by $s1.					
26610	all		Poison		Poisons target for $s1 Nature damage every $t1 sec for $d.	$s1 Nature damage inflicted every $t1 sec.					
26612	all		Poison		Every swing poisons your foe of $26610s1 damage over $26610d seconds.						
26613	all		Unbalancing Strike		Inflicts $s1% weapon damage and leaves the target unbalanced, reducing their defense skill by $s2 for $d.	Defense skill reduced by $s2.					
26614	all		Dark Iron Scorpid		Every swing poisons your foe for $26610s1 damage every second for $26610d.	Every swing poisons your foe of $26610s1 damage.					
26615	all		Berserk		The caster goes berserk, becoming unstoppable. Increases attack speed by $s1.	Attack speed increased by $s1%.					
26616	all		Boulder		Hurls a boulder at an enemy, inflicting Physical damage.						
26617	all		Summon Ouro Mound								
26618	all		Despawn Worms								
26619	all		Summon Ouro Scarabs Periodic								
26622	all		Elune's Candle		Shoots a firework at Omen's Head.						
26623	all		Elune's Candle		Shoots a firework at Omen's Head.						
26624	all		Elune's Candle		Shoots a firework at Omen's Chest.						
26625	all		Elune's Candle		Shoots a firework at Omen's Right Hand.						
26626	all		Mana Burn Area								
26627	all		Suicide								
26628	all		Twin Suicide								
26630	all		Spawn Vekniss Hatchlings								
26631	all		Spawn Vekniss Hatchlings								
26632	all		Spawn Vekniss Hatchlings								
26633	all		Glob Speed								
26634	all		Glob Speed								
26636	all		Elune's Candle		Shoots a firework at target.						
26637	all		Hate to Zero								
26638	all		Twin Teleport Visual								
26639	all		Drain Mana								
26641	all		Aura of Fear		You have looked into the abyss and the abyss looked back. Feared.	You have looked into the abyss and the abyss looked back. Feared.					
26642	all		Summon Ouro								
26643	all		Arcane Explosion		Sends out a blast wave of magic, inflicting Arcane damage to nearby enemies.						
26644	all		Instakill Reset								
26646	all		Buru Egg Trigger Effect								
26647	all		Increased Mana Regen		Restores $/5;s1 mana every sec.						
26648	all		Port Out Stomach Effect								
26649	all		Elune's Candle		Shoots a firework at Omen's Left Hand.						
26651	all		Execute								
26654	spellbook	26	Sweeping Strikes	Rank 1	Your next melee weapon swing strikes an additional nearby opponent.	Sweeping Strikes.					
26655	all		Black Qiraji Battle Tank		Summons and dismisses a rideable Qiraji battle tank.  This mount increases speed depending on your Riding Skill.	Increases speed depending on your Riding Skill.					
26656	spellbook	777	Black Qiraji Battle Tank		Summons and dismisses a rideable Black Qiraji Battle Tank.  This mount increases speed depending on your Riding Skill.	Increases speed depending on your Riding Skill.					
26658	all		Threat								
26659	all		Sam's Test Aura								
26660	all		Duskwither's Fireball								
26661	all		Fear		Strikes fear in an enemy, causing it to flee in terror for $d. Only 1 target can be feared at a time.	Fleeing in fear.					
26662	all		Berserk		Increases the caster's attack and movement speeds by $s2% and all damage it deals by $s1% for $d.  Also grants immunity to Taunt effects.	All damage dealt is increased by $s1%.\nAttack and Movement speeds increased by $s2%.\nImmune to Taunt.					
26663	all		Valentine								
26664	all		The Power of Friendship			Can you feel it?					
26665	all		Receive Object of Affection								
26666	all		Dmg Shield2		Thorns sprout from the friendly target causing $s1 Nature damage to attackers when hit.  Lasts $d.	Causes $s1 Nature damage to attackers.					
26668	all		Create Heart Candy								
26669	spellbook	38	Evasion	Rank 2	Increases the rogue's dodge chance by $s1% and reduces the chance ranged attacks hit the rogue by $s2%.  Lasts $d.	Dodge chance increased by $s1% and chance ranged attacks hit you reduced by $s2%.					
26670	all		Create Heart Candy								
26671	all		Create Heart Candy								
26672	all		Create Heart Candy								
26673	all		Create Heart Candy								
26674	all		Create Heart Candy								
26675	all		Create Heart Candy								
26676	all		Create Heart Candy								
26677	all		Cure Poison		Imbiber is cured of up to four poisons up to level 60.						
26678	all		Create Heart Candy		Pick a piece of candy from the bag.						
26679	spellbook	253	Deadly Throw	Rank 1	Finishing move that reduces the movement of the target by $s2% for $d and causes increased thrown weapon damage:\n   1 point  : ${$m1+($b1*1)+$rwb} - ${$M1+($b1*1)+$RWB} damage\n   2 points: ${$m1+($b1*2)+$rwb} - ${$M1+($b1*2)+$RWB} damage\n   3 points: ${$m1+($b1*3)+$rwb} - ${$M1+($b1*3)+$RWB} damage\n   4 points: ${$m1+($b1*4)+$rwb} - ${$M1+($b1*4)+$RWB} damage\n   5 points: ${$m1+($b1*5)+$rwb} - ${$M1+($b1*5)+$RWB} damage	Movement slowed by $s2%.					
26680	all		Adored			You have received a gift of adoration!					
26681	all		Cologne		Give yourself a pleasing scent.	You smell great!					
26682	all		Perfume		Give yourself an alluring scent.	You smell divine!					
26683	all		Get Gosssip, Test		Determines the sex of the casting NPC, then casts the correct dummy spell (used to switch the creatures gossip entry).						
26684	all		Get Gossip, Male								
26685	all		Get Gossip, Female								
26686	all		Whirlwind		Attacks nearby enemies in a whirlwind of steel that inflicts normal damage plus $s1.						
26687	all		Revall								
26688	all		Anesthetic Poison	Rank 1	Coats a weapon with poison that lasts for 1 hour.  Each strike has a $26785h% chance of poisoning the enemy which instantly inflicts $26688s1 Nature damage and dispels $26688s2 Enrage effect, but causes no additional threat.						
26690	all		Increase Healing 110		Increases healing done by up to $s1 and damage done by up to $s2 for all magical spells and effects.						
26692	all		Increase Fire/Arcane Dam 55		Increases fire and arcane spell power by $s1.						
26693	all		Drain Life		Steals $s1 life from target enemy.						
26694	all		Increase Fire Dam 59		Increases damage done by Fire spells and effects by up to $s1.						
26695	all		Increase Fire Dam 60		Increases damage done by Fire spells and effects by up to $s1.						
26696	all		Increase Fire Dam 61		Increases damage done by Fire spells and effects by up to $s1.						
26697	all		Increase Fire Dam 63		Increases damage done by Fire spells and effects by up to $s1.						
26698	all		Increase Fire Dam 64		Increases damage done by Fire spells and effects by up to $s1.						
26699	all		Increase Fire Dam 66		Increases damage done by Fire spells and effects by up to $s1.						
26700	all		Increase Fire Dam 67		Increases damage done by Fire spells and effects by up to $s1.						
26701	all		Increase Fire Dam 69		Increases damage done by Fire spells and effects by up to $s1.						
26702	all		Increase Fire Dam 70		Increases damage done by Fire spells and effects by up to $s1.						
26703	all		Increase Fire Dam 72		Increases damage done by Fire spells and effects by up to $s1.						
26704	all		Increase Arcane Dam 56		Increases damage done by Arcane spells and effects by up to $s1.						
26705	all		Increase Arcane Dam 57		Increases damage done by Arcane spells and effects by up to $s1.						
26706	all		Increase Arcane Dam 59		Increases damage done by Arcane spells and effects by up to $s1.						
26707	all		Increase Arcane Dam 60		Increases damage done by Arcane spells and effects by up to $s1.						
26708	all		Increase Arcane Dam 61		Increases damage done by Arcane spells and effects by up to $s1.						
26709	all		Increase Arcane Dam 63		Increases damage done by Arcane spells and effects by up to $s1.						
26710	all		Increase Arcane Dam 64		Increases damage done by Arcane spells and effects by up to $s1.						
26711	all		Increase Arcane Dam 66		Increases damage done by Arcane spells and effects by up to $s1.						
26712	all		Increase Arcane Dam 67		Increases damage done by Arcane spells and effects by up to $s1.						
26713	all		Increase Arcane Dam 69		Increases damage done by Arcane spells and effects by up to $s1.						
26714	all		Increase Arcane Dam 70		Increases damage done by Arcane spells and effects by up to $s1.						
26715	all		Increase Arcane Dam 72		Increases damage done by Arcane spells and effects by up to $s1.						
26716	all		Increase Frost Dam 56		Increases damage done by Frost spells and effects by up to $s1.						
26717	all		Increase Frost Dam 57		Increases damage done by Frost spells and effects by up to $s1.						
26718	all		Increase Frost Dam 59		Increases damage done by Frost spells and effects by up to $s1.						
26719	all		Increase Frost Dam 60		Increases damage done by Frost spells and effects by up to $s1.						
26720	all		Increase Frost Dam 61		Increases damage done by Frost spells and effects by up to $s1.						
26721	all		Increase Frost Dam 63		Increases damage done by Frost spells and effects by up to $s1.						
26722	all		Increase Frost Dam 64		Increases damage done by Frost spells and effects by up to $s1.						
26723	all		Increase Frost Dam 66		Increases damage done by Frost spells and effects by up to $s1.						
26724	all		Increase Frost Dam 67		Increases damage done by Frost spells and effects by up to $s1.						
26725	all		Increase Frost Dam 69		Increases damage done by Frost spells and effects by up to $s1.						
26726	all		Increase Frost Dam 70		Increases damage done by Frost spells and effects by up to $s1.						
26727	all		Increase Frost Dam 72		Increases damage done by Frost spells and effects by up to $s1.						
26728	all		Increase Shadow Dam 56		Increases damage done by Shadow spells and effects by up to $s1.						
26729	all		Increase Shadow Dam 57		Increases damage done by Shadow spells and effects by up to $s1.						
26730	all		Increase Shadow Dam 59		Increases damage done by Shadow spells and effects by up to $s1.						
26731	all		Increase Shadow Dam 60		Increases damage done by Shadow spells and effects by up to $s1.						
26732	all		Increase Shadow Dam 61		Increases damage done by Shadow spells and effects by up to $s1.						
26733	all		Increase Shadow Dam 63		Increases damage done by Shadow spells and effects by up to $s1.						
26734	all		Increase Shadow Dam 66		Increases damage done by Shadow spells and effects by up to $s1.						
26735	all		Increase Shadow Dam 67		Increases damage done by Shadow spells and effects by up to $s1.						
26736	all		Increase Shadow Dam 70		Increases damage done by Shadow spells and effects by up to $s1.						
26737	all		Increase Shadow Dam 72		Increases damage done by Shadow spells and effects by up to $s1.						
26740	all		Gnomish Mind Control Cap			Charmed.					
26741	all		zzOldShiv								
26742	all		Snaggle								
26743	all		QAEnchant Weapon +20 Spirit	QASpell	Permanently enchant a Melee Weapon to add $14439s1 to Spirit.						
26744	all		Poisonous Blood								
26745	spellbook	197	Bolt of Netherweave								
26746	spellbook	197	Netherweave Bag								
26747	spellbook	197	Bolt of Imbued Netherweave								
26748	all		Wyvern Sting	Rank 1		$s1 Nature damage every $t1 seconds.					
26749	spellbook	197	Imbued Netherweave Bag								
26750	spellbook	197	Bolt of Soulcloth								
26751	spellbook	197	Primal Mooncloth		Conversion of these items into Primal Mooncloth can only be done at a moonwell.						
26752	spellbook	197	Spellfire Belt								
26753	spellbook	197	Spellfire Gloves								
26754	spellbook	197	Spellfire Robe								
26755	spellbook	197	Spellfire Bag								
26756	spellbook	197	Frozen Shadoweave Shoulders								
26757	spellbook	197	Frozen Shadoweave Boots								
26758	spellbook	197	Frozen Shadoweave Robe								
26759	spellbook	197	Ebon Shadowbag								
26760	spellbook	197	Primal Mooncloth Belt								
26761	spellbook	197	Primal Mooncloth Shoulders								
26762	spellbook	197	Primal Mooncloth Robe								
26763	spellbook	197	Primal Mooncloth Bag								
26764	spellbook	197	Netherweave Bracers								
26765	spellbook	197	Netherweave Belt								
26766	all		Summon Giant Eye Tentacles								
26767	all		Summon Giant Eye Tentacles								
26768	all		Summon Giant Eye Tentacles								
26769	all		Summon Eye Tentacles								
26770	spellbook	197	Netherweave Gloves								
26771	spellbook	197	Netherweave Pants								
26772	spellbook	197	Netherweave Boots								
26773	spellbook	197	Netherweave Robe								
26774	spellbook	197	Netherweave Tunic								
26775	spellbook	197	Imbued Netherweave Pants								
26776	spellbook	197	Imbued Netherweave Boots								
26777	spellbook	197	Imbued Netherweave Robe								
26778	spellbook	197	Imbued Netherweave Tunic								
26779	spellbook	197	Soulcloth Gloves								
26780	spellbook	197	Soulcloth Shoulders								
26781	spellbook	197	Soulcloth Vest								
26782	spellbook	197	Arcanoweave Bracers								
26783	spellbook	197	Arcanoweave Boots								
26784	spellbook	197	Arcanoweave Robe								
26785	all		Anesthetic Poison	Rank 1	Coats a weapon with poison that lasts for 1 hour.  Each strike has a $h% chance of poisoning the enemy which instantly inflicts $26688s1 Nature damage, but causes no additional threat.						
26786	spellbook	790	Anesthetic Poison	Rank 1	Coats a weapon with poison that lasts for 1 hour.  Each strike has a $26785h% chance of poisoning the enemy which instantly inflicts $26688s1 Nature damage, but causes no additional threat.						
26787	all		Nullify								
26789	all		Shard of the Fallen Star		Calls down a meteor, burning all enemies within the area for $s1 total Fire damage.						
26790	spellbook	197	Tailoring	Master	Allows a tailor to make incomparable shirts and armors up to a maximum potential skill of 375.						
26791	all		Master Tailor								
26792	all		QAEnchant Weapon +15 Agility	QASpell	Permanently enchant a Melee Weapon to add $13735s1 to Agility.						
26793	all		QAEnchant Weapon +22 Intellect	QASpell	Permanently enchant a Melee Weapon to add $14412s1 to Intellect.						
26796	all		Spellfire Tailoring								
26797	spellbook	197	Spellfire Tailoring		Allows the tailor to create an additional spellcloth or spellweave when that cloth is created.						
26798	spellbook	197	Mooncloth Tailoring		Allows the tailor to create an additional mooncloth or moonshroud when that cloth is created.						
26799	all		Mooncloth Tailoring								
26800	all		Shadoweave Tailoring								
26801	spellbook	197	Shadoweave Tailoring		Allows the tailor to create an additional shadowcloth or ebonweave when that cloth is created.						
26802	all		Detect Amore								
26814	all		Increase Healing 187		Increases healing done by up to $s1 and damage done by up to $s2 for all magical spells and effects.						
26837	all		Summon InCombat Trigger								
26838	all		Despawn InCombat Trigger								
26839	spellbook	253	Garrote	Rank 7	Garrote the enemy, silencing them for $1330d and causing $o1 damage over $d, increased by attack power.  Must be stealthed and behind the target.  Awards $s2 combo $lpoint:points;.	$s1 damage every $t1 seconds.					
26846	all		Picnic Blanket								
26861	spellbook	38	Sinister Strike	Rank 9	An instant strike that causes $s1 damage in addition to your normal weapon damage.  Awards $s2 combo $lpoint:points;.						
26862	spellbook	38	Sinister Strike	Rank 10	An instant strike that causes $s1 damage in addition to your normal weapon damage.  Awards $s2 combo $lpoint:points;.						
26863	spellbook	38	Backstab	Rank 10	Backstab the target, causing $s2% weapon damage plus 255 to the target.  Must be behind the target.  Requires a dagger in the main hand.  Awards $s3 combo $lpoint:points;.						
26864	spellbook	39	Hemorrhage	Rank 4	An instant strike that deals $s2% weapon damage and causes the target to hemorrhage, increasing any Physical damage dealt to the target by up to $s3.  Lasts $n charges or $d.  Awards 1 combo point.	Increases damage taken by $s3.					
26865	spellbook	253	Eviscerate	Rank 10	Finishing move that causes damage per combo point:\n   1 point  : ${$m1+($b1*1)+$AP*0.03}-${$M1+($b1*1)+$AP*0.03} damage\n   2 points: ${$m1+($b1*2)+$AP*0.06}-${$M1+($b1*2)+$AP*0.06} damage\n   3 points: ${$m1+($b1*3)+$AP*0.09}-${$M1+($b1*3)+$AP*0.09} damage\n   4 points: ${$m1+($b1*4)+$AP*0.12}-${$M1+($b1*4)+$AP*0.12} damage\n   5 points: ${$m1+($b1*5)+$AP*0.15}-${$M1+($b1*5)+$AP*0.15} damage						
26866	spellbook	253	Expose Armor	Rank 6	Finishing move that exposes the target, reducing armor by $s1.  Exposing a target that has already been exposed will increase the duration of Expose Armor, up to 60 seconds.  Lasts longer per combo point:\n   1 point  : 8 seconds\n   2 points: 16 seconds\n   3 points: 24 seconds\n   4 points: 32 seconds\n   5 points: 40 seconds	Armor decreased by $s1.					
26867	spellbook	253	Rupture	Rank 7	Finishing move that causes damage over time, increased by your attack power.  Lasts longer per combo point:\n   1 point  : 324 damage over 8 secs\n   2 points: 460 damage over 10 secs\n   3 points: 618 damage over 12 secs\n   4 points: 798 damage over 14 secs\n   5 points: 1000 damage over 16 secs	Causes damage every $t1 seconds.					
26868	all		Opening								
26869	all		Amorous			This person needs a love token...					
26870	all		Amorous Timer, Standard Test								
26872	spellbook	755	Figurine - Jade Owl		This item binds to you upon being crafted.						
26873	spellbook	755	Figurine - Golden Hare		This item binds to you upon being crafted.						
26874	spellbook	755	Aquamarine Signet								
26875	spellbook	755	Figurine - Black Pearl Panther		This item binds to you upon being crafted.						
26876	spellbook	755	Aquamarine Pendant of the Warrior								
26878	spellbook	755	Ruby Crown of Restoration								
26879	all		Remove Amorous								
26880	spellbook	755	Thorium Setting								
26881	spellbook	755	Figurine - Truesilver Crab		This item binds to you upon being crafted.						
26882	spellbook	755	Figurine - Truesilver Boar		This item binds to you upon being crafted.						
26883	spellbook	755	Ruby Pendant of Fire								
26884	spellbook	253	Garrote	Rank 8	Garrote the enemy, silencing them for $1330d causing $o1 damage over $d, increased by attack power.  Must be stealthed and behind the target.  Awards $s2 combo $lpoint:points;.	$s1 damage every $t1 seconds.					
26885	spellbook	755	Truesilver Healing Ring								
26886	all		Hate to 75%								
26887	spellbook	755	The Aquamarine Ward								
26888	all		Vanish	Rank 3	Allows the rogue to vanish from sight, entering an improved stealth mode for $11329d.  Also breaks movement impairing effects.  More effective than Vanish (Rank 2).	Improved stealth.					
26889	spellbook	39	Vanish	Rank 3	Allows the rogue to vanish from sight, entering an improved stealth mode for $11329d.  Also breaks movement impairing effects.  More effective than Vanish (Rank 2).	Improved stealth.					
26890	all		Instant Poison VII	Rank 7	Coats a weapon with poison that lasts for 1 hour.\nEach strike has a $26891h% chance of poisoning the enemy which instantly inflicts ${$26890m1+0.10*$AP} Nature damage.						
26891	all		Instant Poison VII	Rank 7	Coats a weapon with poison that lasts for 1 hour.\nEach strike has a chance of poisoning the enemy which instantly inflicts ${$26890m1+0.10*$AP} Nature damage.						
26892	all		Instant Poison VII	Rank 7	Coats a weapon with poison that lasts for 1 hour.\nEach strike has a 20% chance of poisoning the enemy which instantly inflicts $26890s1 Nature damage.						
26896	spellbook	755	Gem Studded Band								
26897	spellbook	755	Opal Necklace of Impact								
26898	all		Heartbroken			You have been rejected and can no longer give Love Tokens!					
26899	all		Give Friendship Bracelet		Give to a Heartbroken player to cheer them up.	You have cheered up a heartbroken player.					
26900	spellbook	755	Figurine - Ruby Serpent		This item binds to you upon being crafted.						
26901	all		Receive Reward AND Quest Object, Common, Darnassus								
26902	spellbook	755	Simple Opal Ring								
26903	spellbook	755	Sapphire Signet								
26904	all		Cut Emerald								
26905	all		Cut Azerothian Diamond								
26906	spellbook	755	Emerald Crown of Destruction								
26907	spellbook	755	Onslaught Ring								
26908	spellbook	755	Sapphire Pendant of Winter Night								
26909	spellbook	755	Figurine - Emerald Owl		This item binds to you upon being crafted.						
26910	spellbook	755	Ring of Bitter Shadows								
26911	spellbook	755	Living Emerald Pendant		This item binds to you upon being crafted.						
26912	spellbook	755	Figurine - Black Diamond Crab		This item binds to you upon being crafted.						
26914	spellbook	755	Figurine - Dark Iron Scorpid		This item binds to you upon being crafted.						
26915	spellbook	755	Necklace of the Diamond Tower								
26916	spellbook	755	Band of Natural Fire								
26918	spellbook	755	Arcanite Sword Pendant								
26920	spellbook	755	Blood Crown								
26921	all		Cancel Heartbroken, Create Bracelet								
26923	all		Valentine								
26924	all		Valentine								
26925	spellbook	755	Woven Copper Ring								
26926	spellbook	755	Heavy Copper Ring								
26927	spellbook	755	Thick Bronze Necklace								
26928	spellbook	755	Ornate Tigerseye Necklace								
26967	all		Deadly Poison VI	Rank 6	Coats a weapon with poison that lasts for 1 hour.\nEach strike has a $26967h% chance of poisoning the enemy for ${$26968m1*4+0.12*$AP} Nature damage over $26968d.  Stacks up to 5 times on a single target.   Once stacked to 5 times, each application of Deadly Poison also causes the poison on the Rogue's other weapon to apply.						
26968	all		Deadly Poison VI	Rank 6	Coats a weapon with poison that lasts for 1 hour.\nEach strike has a $26967h% chance of poisoning the enemy for ${$26968m1*4+0.12*$AP} Nature damage over $26968d.  Stacks up to 5 times on a single target.	Target takes $s1 Nature damage every $t1 seconds.					
26969	all		Deadly Poison VI	Rank 6	Coats a weapon with poison that lasts for 1 hour.\nEach strike has a 30% chance of poisoning the enemy for $26968o1 Nature damage over $26968d.  Stacks up to 5 times on a single target.						
26972	all		Summon Panda Cub		Summons $s1 $lPanda Cub:Panda Cub; to accompany the caster until dismissed.						
26973	all		Create BlizzCon Prize (Euro)								
26974	all		Create Korea Invitational Prize								
26975	all		Battlegear of Eternal Justice								
26976	all		Symbols of Unending Life								
26977	all		Curse of the Elemental Lord		Reduces the Fire Resistance of all enemies within range for $d.	Fire Resistance reduced by $s1.					
26978	spellbook	573	Healing Touch	Rank 12	Heals a friendly target for $s1.						
26979	spellbook	573	Healing Touch	Rank 13	Heals a friendly target for $s1.						
26980	spellbook	573	Regrowth	Rank 10	Heals a friendly target for $s1 and another $o2 over $d.	Heals $s2 every $t2 seconds.					
26981	spellbook	573	Rejuvenation	Rank 12	Heals the target for $o1 over $d.	Heals $s1 damage every $t1 seconds.					
26982	spellbook	573	Rejuvenation	Rank 13	Heals the target for $o1 over $d.	Heals $s1 damage every $t1 seconds.					
26983	spellbook	573	Tranquility	Rank 5	Heals up to 5 injured allies within your party or raid group for $s1 every $t2 seconds for $d.  Druid must channel to maintain the spell.	Healing up to 5 injured allies for $s1 every $t2 seconds.					
26984	spellbook	574	Wrath	Rank 9	Causes $s1 Nature damage to the target.						
26985	spellbook	574	Wrath	Rank 10	Causes $s1 Nature damage to the target.						
26986	spellbook	574	Starfire	Rank 8	Causes $s1 Arcane damage to the target.						
26987	spellbook	574	Moonfire	Rank 11	Burns the enemy for $s2 Arcane damage and then an additional $o1 Arcane damage over $d.	$s1 Arcane damage every $t1 seconds.					
26988	spellbook	574	Moonfire	Rank 12	Burns the enemy for $s2 Arcane damage and then an additional $o1 Arcane damage over $d.	$s1 Arcane damage every $t1 seconds.					
26989	spellbook	574	Entangling Roots	Rank 7	Roots the target in place and causes $o2 Nature damage over $d.  Damage caused may interrupt the effect.  Only useable outdoors.	Rooted.  Causes $s2 Nature damage every $t2 seconds.					
26990	spellbook	573	Mark of the Wild	Rank 8	Increases the friendly target's armor by $s1, all attributes by $s2 and all resistances by $s3 for $d.	Increases armor by $s1, all attributes by $s2 and all resistances by $s3.					
26991	spellbook	573	Gift of the Wild	Rank 3	Gives the Gift of the Wild to the target's party, increasing armor by $s1, all attributes by $s2 and all resistances by $s3 for $d.	Increases armor by $s1, all attributes by $s2 and all resistances by $s3.					
26992	spellbook	574	Thorns	Rank 7	Thorns sprout from the friendly target causing $s1 Nature damage to attackers when hit.  Lasts $d.	Causes $s1 Nature damage to attackers.					
26993	spellbook	574	Faerie Fire	Rank 5	Decrease the armor of the target by $s1 for $d.  While affected, the target cannot stealth or turn invisible.	Decreases armor by $s1.  Cannot stealth or turn invisible.					
26994	spellbook	573	Rebirth	Rank 6	Returns the spirit to the body, restoring a dead target to life with $s1 health and $q mana.						
26995	spellbook	574	Soothe Animal	Rank 4	Soothes the target beast, reducing the range at which it will attack you by $s1 yards.  Only affects Beast targets level 85 or lower.  Lasts $d.	Reduced distance at which target will attack.					
26996	spellbook	134	Maul	Rank 8	Increases the druid's next attack by $s1 damage.						
26997	spellbook	134	Swipe	Rank 6	Swipe $x1 nearby enemies, inflicting $s1 damage.  Damage increased by attack power.						
26998	spellbook	134	Demoralizing Roar	Rank 6	The druid roars, decreasing nearby enemies' melee attack power by $s1.  Lasts $d.	Decreases melee attack power by $s1.					
26999	spellbook	134	Frenzied Regeneration	Rank 4	Converts up to 10 rage per second into health for $d.  Each point of rage is converted into $s1 health.	Converting rage into health.					
27000	spellbook	134	Claw	Rank 6	Claw the enemy, causing $s1 additional damage.  Awards $s2 combo $lpoint:points;.						
27001	spellbook	134	Shred	Rank 6	Shred the target, causing $s3% damage plus 236 to the target.  Must be behind the target.  Awards $s2 combo $lpoint:points;.						
27002	spellbook	134	Shred	Rank 7	Shred the target, causing $s3% damage plus 405 to the target.  Must be behind the target.  Awards $s2 combo $lpoint:points;.						
27003	spellbook	134	Rake	Rank 5	Rake the target for ${$AP/100+$m1} bleed damage and an additional ${$m2*3+$AP*0.06} damage over $d.  Awards $s3 combo $lpoint:points;.	Bleeding for $s2 damage every $t2 seconds.					
27004	spellbook	134	Cower	Rank 5	Cower, causing no damage but lowering your threat a large amount, making the enemy less likely to attack you.						
27005	spellbook	134	Ravage	Rank 5	Ravage the target, causing $s2% damage plus 514 to the target.  Must be prowling and behind the target.  Awards $s3 combo $lpoint:points;.						
27006	spellbook	134	Pounce	Rank 4	Pounce, stunning the target for $d and causing $27007o1 damage over $27007d.  Must be prowling.  Awards $s3 combo $lpoint:points;.	Stunned.					
27007	spellbook	134	Pounce Bleed	Rank 4	Pounce, stunning the target for $27006d and causing $27007o1 damage over $27007d.  Must be prowling.  Awards $27006s3 combo $lpoint:points;.	Bleeding for $s1 damage every $t1 seconds.					
27008	spellbook	134	Rip	Rank 7	Finishing move that causes damage over time.  Damage increases per combo point and by your attack power:\n   1 point : 300 damage over $d.\n   2 points: 498 damage over $d.\n   3 points: 696 damage over $d.\n   4 points: 894 damage over $d.\n   5 points: 1092 damage over $d.	Bleed damage every $t1 seconds.					
27009	spellbook	574	Nature's Grasp	Rank 7	While active, any time an enemy strikes the caster they have a $h% chance to become afflicted by Entangling Roots (Rank 7).  Only useable outdoors.  $n charge.  Lasts $d.	Melee damage you take has a chance to entangle the enemy.					
27010	all		Entangling Roots	Rank 7	Roots the target in place and causes $o2 Nature damage over $d.  Damage caused may interrupt the effect.  Only useable outdoors.	Rooted.  Causes $s2 Nature damage every $t2 seconds.					
27011	spellbook	134	Faerie Fire (Feral)	Rank 5	Decrease the armor of the target by $s1 for $d.  While affected, the target cannot stealth or turn invisible.	Decreases armor by $s1.  Cannot stealth or turn invisible.					
27012	spellbook	574	Hurricane	Rank 4	Creates a violent storm in the target area causing $42230s1 Nature damage to enemies every $t3 sec, and increasing the time between attacks by $s2%.  Lasts $d.  Druid must channel to maintain the spell.	$42230s1 damage every $t3 seconds, and increasing the time between attacks by $s2%.					
27013	spellbook	574	Insect Swarm	Rank 6	The enemy target is swarmed by insects, decreasing their chance to hit by $s2% and causing $o1 Nature damage over $d.	Chance to hit decreased by $s2% and $s1 Nature damage every $t1 sec.					
27014	spellbook	51	Raptor Strike	Rank 9	A strong attack that increases melee damage by $s1.						
27015	spellbook	51	Disengage	Rank 4	Attempts to disengage from the target, reducing threat.  More effective than Disengage (Rank 3).  Character exits combat mode.						
27016	spellbook	163	Serpent Sting	Rank 10	Stings the target, causing ${$RAP*0.1+$m1*5} Nature damage over $d.  Only one Sting per Hunter can be active on any one target.	Causes $s1 Nature damage every $t1 seconds.					
27018	spellbook	163	Viper Sting	Rank 4	Stings the target, draining $o1 mana over $d.  Only one Sting per Hunter can be active on any one target.	Drains $s1 mana every $t1 seconds.					
27019	spellbook	163	Arcane Shot	Rank 9	An instant shot that causes ${$rap*0.15+$m2} Arcane damage and dispels $s1 Magic effect.						
27020	spellbook	163	Distracting Shot	Rank 7	Distract the target, causing threat.  More effective than Distracting Shot (Rank 6).						
27021	spellbook	163	Multi-Shot	Rank 6	Fires several missiles, hitting $x1 targets for an additional $s1 damage.						
27022	spellbook	163	Volley	Rank 4	Continuously fires a volley of ammo at the target area, causing $42234s1 Arcane damage to enemy targets within $a1 yards every second for $d.						
27023	spellbook	51	Immolation Trap	Rank 6	Place a fire trap that will burn the first enemy to approach for ${$RAP*0.1+$27024m1*5} Fire damage over $27024d.  Trap will exist for $d.  Only one trap can be active at a time.						
27024	spellbook	51	Immolation Trap	Rank 6	Place a fire trap that will burn the first enemy to approach for ${($RAP*($<mult>/100)+$27024m1)*$<duration>} Fire damage over $27024d.  Trap will exist for $27023d.  Only one trap can be active at a time.	$s1 Fire damage every $t1 seconds.					
27025	spellbook	51	Explosive Trap	Rank 4	Place a fire trap that explodes when an enemy approaches, causing ${$RAP*0.1+$27026m1} to ${$RAP*0.1+$27026M1} Fire damage and burning all enemies for $27026o2 additional Fire damage over $27026d to all within $27026a1 yards.  Trap will exist for $d.  Only one trap can be active at a time.						
27026	spellbook	51	Explosive Trap Effect	Rank 4	Place a fire trap that explodes when an enemy approaches, causing ${$RAP*0.1+$27026m1} to ${$RAP*0.1+$27026M1} Fire damage and burning all enemies for $27026o2 additional Fire damage over $27026d to all within $27026a1 yards.  Trap will exist for $27025d.  Only one trap can be active at a time.	$s2 Fire damage every $t2 seconds.					
27027	all		Cancel Creeping Plague								
27028	spellbook	129	First Aid	Master	Allows a physician to make and use bandages up to a potential skill of 375.   The cloth used to make those bandages are found on humanoids in the world.						
27029	all		Master First Aid		Teaches you advanced first aid, allowing a maximum of 375 first aid skill.						
27030	all		First Aid	Rank 11	Heals $o1 damage over $d.	Healing $s1 damage every $t1 seconds.					
27031	all		First Aid	Rank 12	Heals $o1 damage over $d.	Healing $s1 damage every $t1 seconds.					
27032	spellbook	129	Netherweave Bandage								
27033	spellbook	129	Heavy Netherweave Bandage								
27037	all		Stealth +8		Increases your effective stealth level.						
27038	all		Increased Pet Health +3%		Increases your pet's maximum health by 3%.						
27039	all		Increased Pet Health +3%		Increases your pet's maximum health by $1%.	Health increased.					
27042	all		Increased Pet Crit +2%		Increases your pet's Critical Strike chance by 2%.	Critical strike chance increase.					
27043	all		Increased Pet Crit +2%		Increases your pet's critical strike chance by 2%.						
27044	spellbook	50	Aspect of the Hawk	Rank 8	The hunter takes on the aspects of a hawk, increasing ranged attack power by $s1.  Only one Aspect can be active at a time.	Increases ranged attack power by $s1.					
27045	spellbook	50	Aspect of the Wild	Rank 3	The hunter, group and raid members within $a1 yards take on the aspect of the wild, increasing Nature resistance by $s1.  Only one Aspect can be active at a time.	Nature resistance increased by $s1.					
27046	spellbook	50	Mend Pet	Rank 8	Heals your pet for $o1 health over $d.	Heals $s1 every $t1 sec.					
27047	spellbook	270	Growl	Rank 8	Your pet growls at the target, generating threat and increasing the likelihood the target will attack it.						
27048	all		Cower	Rank 7	Reduces your pet's threat, making creatures less likely to attack it.  While cowering, your pet takes $s2% less damage for $d.						
27049	spellbook	209,210,213,214,217,236,655,766	Claw	Rank 9	Claw the enemy, causing $s1 damage.						
27050	spellbook	203,208,209,210,211,212,213,215,217,218,251,653,654,656,763,764,766,767,768,775,785	Bite	Rank 9	Bite the enemy, causing $s1 damage.						
27051	spellbook	213,653,655	Screech	Rank 5	Blasts a single enemy for $s1 damage and lowers the melee attack power of all enemies in melee range by $s2.  Effect lasts $d.	Melee attack power reduced by $s2.					
27053	all		Fire Resistance	Rank 5	Increases Fire resistance by $s1.	Increases Fire resistance by $s1.					
27054	all		Frost Resistance	Rank 5	Increases Frost resistance by $s1.	Increases Frost resistance by $s1.					
27055	all		Nature Resistance	Rank 5	Increases Nature resistance by $s1.	Increases Nature resistance by $s1.					
27056	all		Shadow Resistance	Rank 5	Increases Shadow resistance by $s1.	Increases Shadow resistance by $s1.					
27057	all		Test Black Diamond								
27058	all		Test Black Diamond AGAIN								
27059	all		Test Black Diamond Debug								
27060	spellbook	236	Scorpid Poison	Rank 5	Inflicts $o2 Nature damage over $d. Effect can stack up to 5 times on a single target.	$s2 Nature damage every $t2 sec.					
27063	spellbook	215	Thunderstomp	Rank 4	Shakes the ground with thundering force, doing $s1 Nature damage to all enemies within $a1 yards.  This ability causes a moderate amount of additional threat.						
27065	spellbook	163	Aimed Shot	Rank 7	An aimed shot that increases ranged damage by $s1 and reduces healing done to that target by $s2%.  Lasts $d.	Healing effects reduced by $s2%.					
27066	spellbook	163	Trueshot Aura	Rank 4	Increases the attack power of party and raid members within $a1 yards by $s1.  Lasts $d.	Increases attack power by $s1.					
27067	spellbook	51	Counterattack	Rank 4	A strike that becomes active after parrying an opponent's attack.  This attack deals $s1 damage and immobilizes the target for $d.  Counterattack cannot be blocked, dodged, or parried.	Immobile.					
27068	spellbook	51	Wyvern Sting	Rank 4	A stinging shot that puts the target to sleep for $d.  Any damage will cancel the effect.  When the target wakes up, the Sting causes $27069o1 Nature damage over $27069d.  Only one Sting per Hunter can be active on the target at a time.	Asleep.					
27069	spellbook	51	Wyvern Sting	Rank 4		$s1 Nature damage every $t1 seconds.					
27070	spellbook	8	Fireball	Rank 13	Hurls a fiery ball that causes $s1 Fire damage and an additional $o2 Fire damage over $d.	$s2 Fire damage every $t2 seconds.					
27071	spellbook	6	Frostbolt	Rank 12	Launches a bolt of frost at the enemy, causing $s2 Frost damage and slowing movement speed by $s1% for $d.	Movement slowed by $s1%.					
27072	spellbook	6	Frostbolt	Rank 13	Launches a bolt of frost at the enemy, causing $s2 Frost damage and slowing movement speed by $s1% for $d.	Movement slowed by $s1%.					
27073	spellbook	8	Scorch	Rank 8	Scorch the enemy for $s1 Fire damage.						
27074	spellbook	8	Scorch	Rank 9	Scorch the enemy for $s1 Fire damage.						
27075	spellbook	237	Arcane Missiles	Rank 9	Launches Arcane Missiles at the enemy, causing $27076s1 Arcane damage every $t2 sec for $d.						
27076	spellbook	237	Arcane Missiles	Rank 9	Launches Arcane Missiles at the enemy, causing $27076s1 Arcane damage every $27075t2 sec for $27075d.						
27078	spellbook	8	Fire Blast	Rank 8	Blasts the enemy for $s1 Fire damage.						
27079	spellbook	8	Fire Blast	Rank 9	Blasts the enemy for $s1 Fire damage.						
27080	spellbook	237	Arcane Explosion	Rank 7	Causes an explosion of arcane magic around the caster, causing $s1 Arcane damage to all targets within $a1 yards.						
27082	spellbook	237	Arcane Explosion	Rank 8	Causes an explosion of arcane magic around the caster, causing $s1 Arcane damage to all targets within $a1 yards.						
27085	spellbook	6	Blizzard	Rank 7	Ice shards pelt the target area doing ${$42198m1*8} Frost damage over $d.	$42198s1 Frost damage every $42198t1 $lsecond:seconds;.					
27086	spellbook	8	Flamestrike	Rank 7	Calls down a pillar of fire, burning all enemies within the area for $s1 Fire damage and an additional $o2 Fire damage over $d.	$s2 Fire damage every $t2.					
27087	spellbook	6	Cone of Cold	Rank 6	Targets in a cone in front of the caster take $s2 Frost damage and are slowed by $s1% for $d.	Movement slowed by $s1%.					
27088	spellbook	6	Frost Nova	Rank 5	Blasts enemies near the caster for $s1 Frost damage and freezes them in place for up to $d.  Damage caused may interrupt the effect.	Frozen in place.					
27089	all		Drink		Restores ${$m2/5*30} mana over $d.  Must remain seated while drinking.	Restores ${$m2/5} mana per second.					
27090	spellbook	237	Conjure Water	Rank 9	Conjures $s1 $lskin:skin; of glacier water, providing the mage and $ghis:her; allies with something to drink.\n\nConjured items disappear if logged out for more than 15 minutes.						
27093	all		QAEnchant Weapon +15 Strength	QASpell	Permanently enchant a Melee Weapon to add $13198s1 to Strength.						
27094	all		Food		Restores $o1 health over $d.  Must remain seated while eating.	Restores $/5;s1 health per second.					
27095	spellbook	39	Intuition		Increases the damage from your Ambush and Garrote abilities by $s1% and gives you a $s2% chance to notice when players see through your Stealth.						
27096	spellbook	39	Intuition		Increases the damage from your Ambush and Garrote abilities by $s1% and gives you a $s2% chance to notice when players see through your Stealth.						
27097	spellbook	39	Intuition		Increases the damage from your Ambush and Garrote abilities by $s1% and gives you a $s2% chance to notice when players see through your Stealth.						
27099	spellbook	39	Intuition		Increases the damage from your Ambush and Garrote abilities by $s1% and gives you a $s2% chance to notice when players see through your Stealth.						
27101	spellbook	237	Conjure Mana Emerald		Conjures a mana emerald that can be used to instantly restore $27103s1 mana.  3 charges.\n\nConjured items disappear if logged out for more than 15 minutes.						
27102	all		QAEnchant Weapon Unholy	QASpell	Permanently enchant a melee weapon to often inflict a curse on the target reducing their melee damage.						
27103	all		Replenish Mana	Rank 5	Restores $s1 mana.						
27104	all		QAEnchant Weapon Lifestealing	QASpell	Permanently enchant a melee weapon to often steal life from the enemy and give it to the wielder.						
27105	all		Ufrang's Hall: See Vaelen's Invisibility								
27107	all		QAEnchant Chest +4 Stats	QASpell	Permanently enchant a piece of chest armor to grant +$19988s1 to all stats.						
27108	all		QAEnchant Gloves +20 Frost Damage	QASpell	Permanently enchant gloves to increase frost damage by up to $25066s1.						
27109	all		QAEnchant Gloves +20 Fire Damage	QASpell	Permanently enchant gloves to increase fire damage by up to $25065s1.						
27110	all		QAEnchant Gloves +20 Shadow Damage	QASpell	Permanently enchant gloves to increase shadow damage by up to $25064s1.						
27111	all		QAEnchant Gloves +30 Healing	QASpell	Permanently enchant gloves to increase the caster's healing spells by up to $25067s1.						
27112	all		QAEnchant Gloves +15 Agility	QASpell	Permanently enchant gloves to increase agility by $23794s1.						
27113	all		QAEnchant Gloves +2% Threat	QASpell	Permanently enchant gloves to increase threat from all attacks and spells by $25063s1%.						
27114	all		QAEnchant Gloves +5 Skinning	QASpell	Permanently enchant gloves to grant +$13697s1 skinning skill.						
27115	all		QAEnchant Bracer +4 Mana5	QASpell	Permanently enchants bracers to restore 4 mana every 5 seconds.						
27116	all		QAEnchant Bracer +24 Healing	QASpell	Permanently enchants bracers to increase the effects of your healing spells by $23796s1.						
27117	all		QAEnchant Shield +2% Block Chance	QASpell	Permanently enchant a shield to give +$13690s1% chance to block.						
27118	all		QAEnchant Cloak +15 Fire Resistance	QASpell	Permanently enchant a cloak to give $25068s1 fire resistance.						
27119	all		QAEnchant Cloak +15 Nature Resistance	QASpell	Permanently enchant a cloak to give $25069s1 nature resistance.						
27120	all		QAEnchant Cloak +8 Stealth	QASpell	Permanently enchant a cloak to increase stealth by $13840s1.						
27121	all		QAEnchant Cloak -2% Threat	QASpell	Permanently enchant a cloak to decrease threat caused by the wearer by $25070s1%.						
27122	all		QAEnchant Cloak +1% Dodge	QASpell	Permanently enchant a cloak to give a $25071s1% chance to dodge.						
27123	all		Cosmetic - Polymorph Impact (visual only)								
27124	spellbook	6	Ice Armor	Rank 5	Increases Armor by $s1 and frost resistance by $s3.   If an enemy strikes the caster, they may have their movement slowed by $7321s1% and the time between their attacks increased by $7321s2% for $7321d.  Only one type of Armor spell can be active on the Mage at any time.  Lasts $d.	Increases armor by $s1, Frost resistance by $s3 and may slow attackers.					
27125	spellbook	237	Mage Armor	Rank 4	Increases your resistance to all magic by $s1 and allows $s2% of your mana regeneration to continue while casting.  Only one type of Armor spell can be active on the Mage at any time.  Lasts $d.	Resistance to all magic schools increased by $s1 and allows $s2% of your mana regeneration to continue while casting.					
27126	spellbook	237	Arcane Intellect	Rank 6	Increases the target's Intellect by $s1 for $d.	Increases Intellect by $s1.					
27127	spellbook	237	Arcane Brilliance	Rank 2	Infuses the target's party with brilliance, increasing their Intellect by $s1 for $d.	Increases Intellect by $s1.					
27128	spellbook	8	Fire Ward	Rank 6	Absorbs $s1 Fire damage.  Lasts $d.	Absorbs Fire damage.					
27130	spellbook	237	Amplify Magic	Rank 5	Amplifies magic used against the targeted party member, increasing damage taken from spells by up to $s1 and healing spells by up to $s2.  Lasts $d.	Increases magic damage taken by up to $s1 and healing by up to $s2.					
27131	spellbook	237	Mana Shield	Rank 7	Absorbs $s1 damage, draining mana instead.  Drains $e mana per damage absorbed.  Lasts $d.	Absorbs damage, draining mana instead.					
27132	spellbook	8	Pyroblast	Rank 9	Hurls an immense fiery boulder that causes $s1 Fire damage and an additional $o2 Fire damage over $d.	$s2 Fire damage every $t2 seconds.					
27133	spellbook	8	Blast Wave	Rank 6	A wave of flame radiates outward from the caster, damaging all enemies caught within the blast for $s1 Fire damage, and Dazing them for $d.	Dazed.					
27134	spellbook	6	Ice Barrier	Rank 5	Instantly shields you, absorbing $s1 damage.  Lasts $d.  While the shield holds, spells will not be interrupted.	Absorbs damage.					
27135	spellbook	594	Holy Light	Rank 10	Heals a friendly target for $s1.						
27136	spellbook	594	Holy Light	Rank 11	Heals a friendly target for $s1.						
27137	spellbook	594	Flash of Light	Rank 7	Heals a friendly target for $s1.						
27138	spellbook	594	Exorcism	Rank 7	Causes $s1 Holy damage to an Undead or Demon target.						
27139	spellbook	594	Holy Wrath	Rank 3	Sends bolts of holy power in all directions, causing $s1 Holy damage to all Undead and Demon targets within $a1 yds.						
27140	spellbook	184	Blessing of Might	Rank 8	Places a Blessing on the friendly target, increasing attack power by $s1 for $d.  Players may only have one Blessing on them per Paladin at any one time.	Increases attack power by $s1.					
27141	spellbook	184	Greater Blessing of Might	Rank 3	Gives all members of the raid or group that share the same class with the target the Greater Blessing of Might, increasing attack power by $s1 for $d.  Players may only have one Blessing on them per Paladin at any one time.	Increases attack power by $s1.					
27142	spellbook	594	Blessing of Wisdom	Rank 7	Places a Blessing on the friendly target, restoring $s1 mana every 5 seconds for $d.  Players may only have one Blessing on them per Paladin at any one time.	Restores $s1 mana every 5 seconds.					
27143	spellbook	594	Greater Blessing of Wisdom	Rank 3	Gives all members of the raid or group that share the same class with the target the Greater Blessing of Wisdom, restoring $s1 mana every 5 seconds for $d.  Players may only have one Blessing on them per Paladin at any one time.	Restores $s1 mana every 5 seconds.					
27144	all		Blessing of Light	Rank 4	Places a Blessing on the friendly target, increasing the effects of Holy Light spells used on the target by up to $s1 and the effects of Flash of Light spells used on the target by up to $s2.  Lasts $d.  Players may only have one Blessing on them per Paladin at any one time.	Receives up to $s1 extra healing from Holy Light spells, and up to $s2 extra healing from Flash of Light spells.					
27145	all		Greater Blessing of Light	Rank 2	Gives all members of the raid or group that share the same class with the target the Greater Blessing of Light, increasing the effects of Holy Light spells used on the target by up to $s1 and the effects of Flash of Light spells used on the target by up to $s2.  Lasts $d.  Players may only have one Blessing on them per Paladin at any one time.	Receives up to $s1 extra healing from Holy Light spells, and up to $s2 extra healing from Flash of Light spells.					
27146	all		Left Piece of Lord Valthalak's Amulet		Recombines the left, right and top pieces of Lord Valthalak's Amulet into one whole.						
27147	all		Blessing of Sacrifice	Rank 3	Places a Blessing on the party member, transfering $s1 damage taken per hit to the caster.  Lasts $d.  Players may only have one Blessing on them per Paladin at any one time.	Transfers $s1 damage taken per hit to the paladin.					
27148	all		Blessing of Sacrifice	Rank 4	Places a Blessing on the party member, transfering $s1 damage taken per hit to the caster.  Lasts $d.  Players may only have one Blessing on them per Paladin at any one time.	Transfers $s1 damage taken per hit to the paladin.					
27149	spellbook	267	Devotion Aura	Rank 8	Gives $s1 additional armor to party and raid members within $a1 yards.  Players may only have one Aura on them per Paladin at any one time.	Increases armor by $s1.					
27150	spellbook	184	Retribution Aura	Rank 6	Causes $s1 Holy damage to any creature that strikes a party or raid member within $a1 yards.  Players may only have one Aura on them per Paladin at any one time.	Does $s1 Holy damage to anyone who strikes you.					
27151	spellbook	267	Shadow Resistance Aura	Rank 4	Gives $s1 additional Shadow resistance to all party and raid members within $a1 yards.  Players may only have one Aura on them per Paladin at any one time.	Increases Shadow resistance by $s1.					
27152	spellbook	267	Frost Resistance Aura	Rank 4	Gives $s1 additional Frost resistance to all party and raid members within $a1 yards.  Players may only have one Aura on them per Paladin at any one time.	Increases Frost resistance by $s1.					
27153	spellbook	267	Fire Resistance Aura	Rank 4	Gives $s1 additional Fire resistance to all party and raid members within $a1 yards.  Players may only have one Aura on them per Paladin at any one time.	Increases Fire resistance by $s1.					
