name_en	name_zh
Large Blue Rocket Cluster	大型蓝色火箭束
Large Green Rocket	大型绿色火箭
Large Green Rocket Cluster	大型绿色火箭束
Large Red Rocket	大型红色火箭
Large Red Rocket Cluster	大型红色火箭束
Last Week's Mammoth	上周的猛犸象
Lava Boots	熔岩长靴
Lava Bracers	熔岩护腕
Lava Chestguard	熔岩胸甲
Lava Gauntlets	熔岩护手
Lava Helm	熔岩头盔
Lava Leggings	熔岩护腿
Lavaforged Warhammer	熔岩锻造战锤
Leather Armor Components	皮甲组件
Leather Chestguard of the Sun	太阳皮质胸甲
Leather Gauntlets of the Sun	太阳皮质护手
Leatherworker's Satchel	制皮者的背包
Leggings of Dazzling Light	炫目之光护腿
Leggings of Visceral Strikes	内脏打击护腿
Leggings of Woven Death	编织死亡护腿
Legplates of Conquest	征服腿铠
Legplates of Painful Death	痛苦死亡腿铠
Legwraps of Unleashed Nature	释放自然绑腿
Lesser Flask of Resistance	次级抗性精炼药剂
Lesser Flask of Toughness	次级坚韧精炼药剂
Lesser Nether Wand	次级虚空魔杖
Lesser Rune of Warding	次级守护符文
Lesser Ward of Shielding	次级护盾结界
Lesson of the Doom Lord	末日领主的教训
Ley-Stabilized Arcane Reflector	灵脉稳定奥术反射器
Libram	圣契
Lifeblood Belt	命血腰带
Lifeblood Bracers	命血护腕
Lifeblood Leggings	命血护腿
Light Blessed Mittens	圣光祝福手套
Light Obsidian Belt	轻型黑曜石腰带
Lightning Etched Specs	闪电蚀刻护目镜
Lightning Grounded Boots	接地闪电长靴
Lightning-Infused Leggings	灌注闪电护腿
Lightweave Leggings	光纹护腿
Lion's Ink	狮子墨水
Lionheart Blade	狮心之刃
Lionheart Champion	狮心勇士
Lionheart Executioner	狮心处刑者
Living Cloak	活化披风
Living Crystal Breastplate	活化水晶胸甲
Living Dragonscale Helm	活化龙鳞头盔
Living Earth Bindings	活化大地束带
Living Earth Shoulders	活化大地护肩
Living Helm	活化头盔
Living Replicator Specs	活化复制者护目镜
Living Ruby Pendant	活化红宝石坠饰
Lizard King's Hide	蜥蜴王之皮
Lobster Roll	龙虾卷
Loop of Forged Power	锻造之力指环
Lucent Ametrine	透明紫黄晶
Lucent Huge Citrine	透明巨型黄水晶
Lucent Monarch Topaz	透明帝王黄玉
Luminous Ametrine	明亮紫黄晶
Luminous Flame Spessarite	明亮火焰锰铝榴石
Luminous Huge Citrine	明亮巨型黄水晶
Luminous Monarch Topaz	明亮帝王黄玉
Luminous Noble Topaz	明亮贵族黄玉
Luminous Pyrestone	明亮焰石
Lunar Crescent	月牙
Lustrous Azure Moonstone	润泽碧蓝月亮石
Lustrous Chalcedony	润泽玉髓
Lustrous Dragon's Eye	润泽龙眼石
Lustrous Empyrean Sapphire	润泽苍穹蓝宝石
Lustrous Majestic Zircon	润泽帝王锆石
Lustrous Sky Sapphire	润泽天蓝宝石
Lustrous Star of Elune	润泽月神之星
Lynx Steak	山猫肉排
MOLL-E	邮递机器人
Mad Alchemist's Potion	疯狂炼金师药水
Maelstrom Ready!	漩涡就绪！
Magical Components	魔法组件
Magister's Armor Kit	博学者护甲片
Magnified Moon Specs	放大月亮护目镜
Mail Armor Components	锁甲组件
Major Arcane Protection Potion	强效奥术防护药水
Major Dreamless Sleep Potion	强效无梦睡眠药水
Major Fire Protection Potion	强效火焰防护药水
Major Frost Protection Potion	强效冰霜防护药水
Major Holy Protection Potion	强效神圣防护药水
Major Nature Protection Potion	强效自然防护药水
Major Shadow Protection Potion	强效暗影防护药水
Malachite Pendant	孔雀石坠饰
Malistar's Revenge	玛利斯塔的复仇
Mammoth Cutters	猛犸切割者
Mammoth Meal	猛犸大餐
Mammoth Mining Bag	猛犸矿石袋
Mana Injector Kit	法力注射器套件
Mana Potion Injector	法力药水注射器
Manaweave Cloak	法力纹披风
Mantle of Nimble Thought	灵巧思维披肩
Manual of Clouds	云之手册
Mayhem Projection Goggles	混乱投射护目镜
Mechanized Snow Goggles	机械化雪地护目镜
Mega Mammoth Meal	超级猛犸大餐
Mercurial Adamantite	水银精金
Mercurial Alchemist Stone	水银炼金石
Mercurial Stone	水银之石
Metal Armor Components	金属护甲组件
Midnight Ink	午夜墨水
Mighty Alchemist Stone	强力炼金石
Mighty Arcane Protection Potion	极效奥术防护药水
Mighty Fire Protection Potion	极效火焰防护药水
Mighty Frost Protection Potion	极效冰霜防护药水
Mighty Nature Protection Potion	极效自然防护药水
Mighty Rhino Dogs	强力犀牛热狗
Mighty Shadow Protection Potion	极效暗影防护药水
Misty Dark Jade	朦胧暗玉
Misty Eye of Zul	朦胧祖尔之眼
Misty Forest Emerald	朦胧森林翡翠
Mithril Filigree	秘银丝
Mok'Nathal Shortribs	莫克纳萨尔短肋排
Molten Skullfish	熔火骷髅鱼
Monarch Crab	帝王蟹
Monsoon Belt	季风腰带
Mooncleaver	月刃
Moonglow Ink	月光墨水
Moonlight Gloves	月光手套
Moonshroud	月布
Moonshroud Gloves	月布手套
Moonshroud Robe	月布长袍
Moonsoul Crown	月魂之冠
Murloc Scale Gloves	鱼人鳞片手套
Mycah's Botanical Bag	麦卡的植物学背包
Mysterious Bag	神秘背包
Mysterious Dreadstone	神秘恐惧石
Mysterious Shadow Crystal	神秘暗影水晶
Mysterious Tarot	神秘塔罗牌
Mysterious Twilight Opal	神秘暮光蛋白石
Mystic Autumn's Glow	神秘秋色石
Mystic Dawnstone	神秘黎明石
Mystic Dragon's Eye	神秘龙眼石
Mystic Frostwoven Robe	神秘霜纹长袍
Mystic Frostwoven Shoulders	神秘霜纹护肩
Mystic Frostwoven Wristwraps	神秘霜纹护腕
Mystic King's Amber	神秘帝王琥珀
Mystic Lionseye	神秘狮眼石
Mystic Spellthread	神秘魔线
Mystic Sun Crystal	神秘太阳水晶
Mystic Tome	神秘之书
Mystical Skyfire Diamond	神秘天火钻石
Nature Armor Kit	自然护甲片
Necklace of the Deep	深渊项链
Necklace of the Diamond Tower	钻石塔项链
Nerubian Belt	蛛魔腰带
Nerubian Boots	蛛魔长靴
Nerubian Bracers	蛛魔护腕
Nerubian Chestguard	蛛魔胸甲
Nerubian Gloves	蛛魔手套
Nerubian Helm	蛛魔头盔
Nerubian Leg Armor	蛛魔腿甲片
Nerubian Legguards	蛛魔护腿
Nerubian Reinforced Quiver	蛛魔强化箭袋
Nerubian Shoulders	蛛魔护肩
Nesingwary 4000	奈辛瓦里4000
Nether Chain Shirt	虚空链甲衬衣
Nethercleft Leg Armor	虚空裂蹄腿甲片
Nethercobra Leg Armor	虚空眼镜蛇腿甲片
Netherdrake Gloves	虚空龙手套
Netherdrake Helm	虚空龙头盔
Netherflame Belt	虚空烈焰腰带
Netherflame Boots	虚空烈焰长靴
Netherflame Robe	虚空烈焰长袍
Netherfury Belt	虚空之怒腰带
Netherfury Boots	虚空之怒长靴
Netherfury Leggings	虚空之怒护腿
Netherscale Ammo Pouch	虚空鳞片弹药包
Netherstrike Belt	虚空打击腰带
Netherstrike Bracers	虚空打击护腕
Netherstrike Breastplate	虚空打击胸甲
Netherweave Bag	灵纹布背包
Netherweave Bandage	灵纹布绷带
Netherweave Belt	灵纹布腰带
Netherweave Boots	灵纹布长靴
Netherweave Bracers	灵纹布护腕
Netherweave Gloves	灵纹布手套
Netherweave Net	灵纹布网
Netherweave Pants	灵纹布短裤
Netherweave Robe	灵纹布长袍
Netherweave Tunic	灵纹布外衣
Nigh-Invulnerability Belt	近乎无敌腰带
Night's End	夜之终结
Nightmare Catcher	噩梦捕手
Nightmare Tear	噩梦之泪
Nightshock Girdle	夜震束腰
Nightshock Hood	夜震兜帽
Noise Machine	噪音机器
Northern Stew	北地炖肉
Notched Cobalt War Axe	缺口钴蓝战斧
Oathkeeper's Helm	誓言守护者头盔
Obsidian Mail Tunic	黑曜石锁甲外衣
Offensive State (DND)	攻击状态（DND）
Onslaught Elixir	猛攻药剂
Onslaught Ring	猛攻指环
Onyxia Scale Leggings	奥妮克希亚鳞片护腿
Onyxia Scale Mask	奥妮克希亚鳞片面罩
Onyxia Scale Shield	奥妮克希亚鳞片盾牌
Onyxian Hood	奥妮克希亚兜帽
Opal Necklace of Impact	冲击蛋白石项链
Opaque Dark Jade	不透明暗玉
Opaque Eye of Zul	不透明祖尔之眼
Opaque Forest Emerald	不透明森林翡翠
Orb of Calamity	灾难宝珠
Ornate Khorium Rifle	华丽氪金步枪
Ornate Saronite Bracers	华丽萨隆邪铁护腕
Ornate Saronite Gauntlets	华丽萨隆邪铁护手
Ornate Saronite Hauberk	华丽萨隆邪铁锁甲
Ornate Saronite Legplates	华丽萨隆邪铁腿铠
Ornate Saronite Pauldrons	华丽萨隆邪铁肩铠
Ornate Saronite Skullshield	华丽萨隆邪铁颅盾
Ornate Saronite Waistguard	华丽萨隆邪铁腰甲
Ornate Saronite Walkers	华丽萨隆邪铁战靴
Ornate Tigerseye Necklace	华丽虎眼石项链
Overcast Belt	阴云腰带
Overcast Boots	阴云长靴
Overcast Bracers	阴云护腕
Overcast Chestguard	阴云胸甲
Overcast Handwraps	阴云裹手
Overcast Headguard	阴云头甲
Overcast Leggings	阴云护腿
Overcast Spaulders	阴云肩甲
Overcharged Capacitor	过载电容器
Overkill - aura remove spell	过度杀戮 - 光环移除法术
Pack of Endless Pockets	无尽口袋背包
Pearl Encrusted Shoulders	珍珠镶嵌护肩
Pendant of Frozen Flame	冰火坠饰
Pendant of Shadow's End	暗影终结坠饰
Pendant of Sunfire	阳炎坠饰
Pendant of Thawing	融冰坠饰
Pendant of Withering	凋零坠饰
Pendant of the Agate Shield	玛瑙之盾坠饰
Pendant of the Null Rune	虚无符文坠饰
Persistent Earthsiege Diamond	持久大地围攻钻石
Persuader	说服者
Pet Scaling - Armor Pct	宠物缩放 - 护甲百分比
Pet Scaling - Attack Speed	宠物缩放 - 攻击速度
Pet Scaling - Crit	宠物缩放 - 暴击
Pet Scaling - Damage Pct	宠物缩放 - 伤害百分比
Pet Scaling - Dodge	宠物缩放 - 躲闪
Pet Scaling - Focus Regen	宠物缩放 - 集中值恢复
Pet Scaling - Health Pct	宠物缩放 - 生命值百分比
Pet Scaling - Hit Chance	宠物缩放 - 命中几率
Pet Scaling - Movement Speed	宠物缩放 - 移动速度
Pickled Fangtooth	腌制尖牙鱼
Pillars of Might	力量之柱
Pirate's Parley	海盗的谈判
Plate Girdle of Righteousness	正义板甲束腰
Poached Bluefish	水煮蓝鱼
Poached Nettlefish	水煮荨麻鱼
Poached Northern Sculpin	水煮北地杜父鱼
Polar Boots	极地长靴
Polar Bracers	极地护腕
Polar Cord	极地束带
Polar Gloves	极地手套
Polar Tunic	极地外衣
Polar Vest	极地背心
Potent Ametrine	强力紫黄晶
Potent Flame Spessarite	强力火焰锰铝榴石
Potent Huge Citrine	强力巨型黄水晶
Potent Monarch Topaz	强力帝王黄玉
Potent Noble Topaz	强力贵族黄玉
Potent Pyrestone	强力焰石
Potion of Anti-Magic	抗魔药水
Potion of Nightmares	噩梦药水
Potion of Plagueward	防疫药水
Potion of Speed	速度药水
Potion of Wild Magic	狂野魔法药水
Power Amplification Goggles	能量放大护目镜
Powerful Earthsiege Diamond	强效大地围攻钻石
Powerful Earthstorm Diamond	强效大地风暴钻石
Powerful Rejuvenation Potion	强效回春药水
Powerheal 4000 Lens	强力治疗4000镜片
Powerheal 9000 Lens	强力治疗9000镜片
Precise Bloodstone	精确血石
Precise Cardinal Ruby	精确红色主教宝石
Precise Dragon's Eye	精确龙眼石
Precise Scarlet Ruby	精确猩红宝石
Primal Mooncloth Bag	原始月布背包
Primal Mooncloth Belt	原始月布腰带
Primal Mooncloth Robe	原始月布长袍
Primal Mooncloth Shoulders	原始月布护肩
Primal-Attuned Goggles	原始协调护目镜
Primalstorm Breastplate	原始风暴胸甲
Primalstrike Belt	原始打击腰带
Primalstrike Bracers	原始打击护腕
Primalstrike Vest	原始打击背心
Pristine Ametrine	纯净紫黄晶
Pristine Black Diamond Amulet	纯净黑钻石护符
Pristine Huge Citrine	纯净巨型黄水晶
Pristine Monarch Topaz	纯净帝王黄玉
Protectors of Life	生命守护者
Protein Shake	蛋白质奶昔
Puissant Dreadstone	强劲恐惧石
Puissant Shadow Crystal	强劲暗影水晶
Puissant Twilight Opal	强劲暮光蛋白石
Pure Silver Shield	纯银盾牌
Purehorn Spaulders	纯角肩甲
Puresteel Legplates	纯钢腿铠
Purified Dreadstone	净化恐惧石
Purified Jaggal Pearl	净化锯齿珍珠
Purified Shadow Crystal	净化暗影水晶
Purified Shadow Pearl	净化暗影珍珠
Purified Shadowsong Amethyst	净化影歌紫晶
Purified Twilight Opal	净化暮光蛋白石
Purple Smoke Flare	紫色烟雾弹
Pygmy Oil	侏儒之油
QA Debug Arcane Spell - 1000 Damage	QA调试奥术法术 - 1000伤害
QA Debug Fire Spell - 1000 Damage	QA调试火焰法术 - 1000伤害
QA Debug Frost Spell - 1000 Damage	QA调试冰霜法术 - 1000伤害
QA Debug Holy Spell - 1000 Damage	QA调试神圣法术 - 1000伤害
QA Debug Nature Spell - 1000 Damage	QA调试自然法术 - 1000伤害
QA Debug Shadow Spell - 1000 Damage	QA调试暗影法术 - 1000伤害
Quad Deathblow X44 Goggles	四重致命一击X44护目镜
Quel'dorei Glaive	奎尔多雷月刃
Quick Autumn's Glow	迅捷秋色石
Quick Bronze Dagger	迅捷青铜匕首
Quick Dawnstone	迅捷黎明石
Quick Dragon's Eye	迅捷龙眼石
Quick King's Amber	迅捷帝王琥珀
Quick Laser Goggles	迅捷激光护目镜
Quick Lionseye	迅捷狮眼石
Quick Sun Crystal	迅捷太阳水晶
Quiver of a Thousand Feathers	千羽箭袋
Radiant Dark Jade	光辉暗玉
Radiant Deep Peridot	光辉深橄榄石
Radiant Eye of Zul	光辉祖尔之眼
Radiant Forest Emerald	光辉森林翡翠
Radiant Seaspray Emerald	光辉海浪翡翠
Radiant Talasite	光辉塔拉石
Ragesteel Breastplate	怒钢胸甲
Ragesteel Gloves	怒钢手套
Ragesteel Helm	怒钢头盔
Ragesteel Shoulders	怒钢护肩
Ravager Dog	掠夺者热狗
Razorstrike Breastplate	剃刀打击胸甲
Reckless Ametrine	鲁莽紫黄晶
Reckless Huge Citrine	鲁莽巨型黄水晶
Reckless Monarch Topaz	鲁莽帝王黄玉
Reckless Noble Topaz	鲁莽贵族黄玉
Reckless Pyrestone	鲁莽焰石
Red Belt of Battle	红色战斗腰带
Red Dragonscale Boots	红色龙鳞长靴
Red Dragonscale Leggings	红色龙鳞护腿
Red Dragonscale Shoulders	红色龙鳞护肩
Red Havoc Boots	红色浩劫长靴
Red Lumberjack Shirt	红色伐木工衬衣
Red Ring of Destruction	红色毁灭指环
Red Rocket Cluster	红色火箭束
Red Smoke Flare	红色烟雾弹
Red Winter Clothes	红色冬装
Red Workman's Shirt	红色工人衬衣
Redeemed Soul Cinch	救赎灵魂束腰
Redeemed Soul Legguards	救赎灵魂护腿
Redeemed Soul Moccasins	救赎灵魂软靴
Redeemed Soul Wristguards	救赎灵魂护腕
Redeemer's Alchemist Stone	救赎者炼金石
Regal Dreadstone	庄严恐惧石
Regal Nightseye	庄严夜眼石
Regal Shadow Crystal	庄严暗影水晶
Regal Twilight Opal	庄严暮光蛋白石
Reinforced Cobalt Chestpiece	强化钴蓝胸甲
Reinforced Cobalt Helm	强化钴蓝头盔
Reinforced Cobalt Legplates	强化钴蓝腿铠
Reinforced Cobalt Shoulders	强化钴蓝肩铠
Reinforced Mining Bag	强化矿石袋
Reinforced Tiger Goggles	强化虎眼护目镜
Relentless Earthsiege Diamond	无情大地围攻钻石
Relentless Earthstorm Diamond	无情大地风暴钻石
Resolute Ametrine	坚定紫黄晶
Resolute Cape	坚定披风
Resolute Huge Citrine	坚定巨型黄水晶
Resolute Monarch Topaz	坚定帝王黄玉
Resplendent Ametrine	辉煌紫黄晶
Resplendent Huge Citrine	辉煌巨型黄水晶
Resplendent Monarch Topaz	辉煌帝王黄玉
Resurgent Healing Potion	复苏治疗药水
Revantusk Disguise	腐牙伪装
Revenant's Breastplate	亡魂胸甲
Revenant's Treads	亡魂战靴
Revitalizing Skyflare Diamond	焕新天焰钻石
Rhino Dogs	犀牛热狗
Rhinolicious Wormsteak	美味犀牛虫肉排
Riding Crop	骑术鞭
Righteous Gauntlets	正义护手
Righteous Greaves	正义胫甲
Rigid Autumn's Glow	刚硬秋色石
Rigid Dawnstone	刚硬黎明石
Rigid Dragon's Eye	刚硬龙眼石
Rigid Golden Draenite	刚硬金色德莱尼特
Rigid King's Amber	刚硬帝王琥珀
Rigid Lionseye	刚硬狮眼石
Rigid Sun Crystal	刚硬太阳水晶
Ring of Arcane Shielding	奥术护盾指环
Ring of Bitter Shadows	苦涩暗影指环
Ring of Earthen Might	大地之力指环
Ring of Flowing Life	流动生命指环
Ring of Northern Tears	北地之泪指环
Ring of Scarlet Shadows	猩红暗影指环
Ring of Silver Might	银色力量指环
Ring of Twilight Shadows	暮光暗影指环
Rituals of the New Moon	新月仪式
Roasted Clefthoof	烤裂蹄牛肉
Roasted Moongraze Tenderloin	烤月痕里脊
Roasted Worg	烤座狼肉
Robe of Affinity	亲和长袍
Robe of Eternal Light	永恒之光长袍
Rock-Steady Treads	稳如磐石战靴
Rocket Boots Xtreme	火箭靴至尊版
Rocket Boots Xtreme Lite	火箭靴至尊轻便版
Rough Bronze Gloves	粗制青铜手套
Rough Bronze Shield	粗制青铜盾牌
Rough Leather Cap	粗制皮帽
Royal Dreadstone	皇家恐惧石
Royal Guide of Escape Routes	皇家逃生路线指南
Royal Ink	皇家墨水
Royal Nightseye	皇家夜眼石
Royal Shadow Crystal	皇家暗影水晶
Royal Shadow Draenite	皇家暗影德莱尼特
Royal Shadowsong Amethyst	皇家影歌紫晶
Royal Twilight Opal	皇家暮光蛋白石
Ruby Crown of Restoration	恢复红宝石王冠
Ruby Hare	红宝石野兔
Ruby Pendant of Fire	火焰红宝石坠饰
Runecloth Bracers	符文布护腕
Runed Adamantite Rod	符文精金棒
Runed Blood Garnet	符文血石榴石
Runed Bloodstone	符文血石
Runed Cardinal Ruby	符文红色主教宝石
Runed Crimson Spinel	符文深红尖晶石
Runed Dragon's Eye	符文龙眼石
Runed Eternium Rod	符文恒金棒
Runed Fel Iron Rod	符文魔铁棒
Runed Living Ruby	符文活化红宝石
Runed Mana Band	符文法力指环
Runed Scarlet Ruby	符文猩红宝石
Runed Titanium Rod	符文泰坦棒
Runescroll of Fortitude	坚韧符文卷轴
Runic Hammer	符文之锤
Runic Healing Potion	符文治疗药水
Runic Mana Potion	符文法力药水
Runic Spellthread	符文魔线
Rustic Workman's Shirt	朴素工人衬衣
Sageblade	贤者之刃
Sagefish Delight	鼠尾鱼美食
Salt-Scoured Blunderbuss	盐蚀火枪
Sandals of Consecration	奉献凉鞋
Sapphire Owl	蓝宝石猫头鹰
Sapphire Pendant of Winter Night	冬夜蓝宝石坠饰
Sapphire Signet	蓝宝石图章戒指
Sapphire Spellthread	蓝宝石魔线
Saronite Ambusher	萨隆邪铁伏击者
Saronite Bulwark	萨隆邪铁壁垒
Saronite Defender	萨隆邪铁防御者
Saronite Mindcrusher	萨隆邪铁碎心者
Saronite Protector	萨隆邪铁保护者
Saronite Razorheads	萨隆邪铁剃刀箭头
Saronite Shiv	萨隆邪铁小刀
Saronite Spellblade	萨隆邪铁法术之刃
Sash of Ancient Power	远古之力腰带
Satchel of Cenarius	塞纳里奥背包
Sauteed Goby	嫩煎虾虎鱼
Sauteed Plated Armorfish	嫩煎铠甲鱼
Savage Cobalt Slicer	野蛮钴蓝切割者
Savage Saronite Bracers	野蛮萨隆邪铁护腕
Savage Saronite Gauntlets	野蛮萨隆邪铁护手
Savage Saronite Hauberk	野蛮萨隆邪铁锁甲
Savage Saronite Legplates	野蛮萨隆邪铁腿铠
Savage Saronite Pauldrons	野蛮萨隆邪铁肩铠
Savage Saronite Skullshield	野蛮萨隆邪铁颅盾
Savage Saronite Waistguard	野蛮萨隆邪铁腰甲
Savage Saronite Walkers	野蛮萨隆邪铁战靴
Savage Titanium Band	野蛮泰坦指环
Savage Titanium Ring	野蛮泰坦戒指
Savior's Slippers	救世者便鞋
Scaled Draenic Boots	鳞片德莱尼长靴
Scaled Draenic Gloves	鳞片德莱尼手套
Scaled Draenic Pants	鳞片德莱尼短裤
Scaled Draenic Vest	鳞片德莱尼背心
Scaled Icewalkers	鳞片冰行者
Scarlet Signet	猩红图章戒指
Scrapbot Construction Kit	废料机器人建造套件
Scroll of Agility	敏捷卷轴
Scroll of Agility II	敏捷卷轴 II
Scroll of Agility III	敏捷卷轴 III
Scroll of Agility IV	敏捷卷轴 IV
Scroll of Agility V	敏捷卷轴 V
Scroll of Agility VI	敏捷卷轴 VI
Scroll of Agility VII	敏捷卷轴 VII
Scroll of Agility VIII	敏捷卷轴 VIII
Scroll of Intellect	智力卷轴
Scroll of Intellect II	智力卷轴 II
Scroll of Intellect III	智力卷轴 III
Scroll of Intellect IV	智力卷轴 IV
Scroll of Intellect V	智力卷轴 V
Scroll of Intellect VI	智力卷轴 VI
Scroll of Intellect VII	智力卷轴 VII
Scroll of Intellect VIII	智力卷轴 VIII
Scroll of Recall	回忆卷轴
Scroll of Recall II	回忆卷轴 II
Scroll of Recall III	回忆卷轴 III
Scroll of Spirit	精神卷轴
Scroll of Spirit II	精神卷轴 II
Scroll of Spirit III	精神卷轴 III
Scroll of Spirit IV	精神卷轴 IV
Scroll of Spirit V	精神卷轴 V
Scroll of Spirit VI	精神卷轴 VI
Scroll of Spirit VII	精神卷轴 VII
Scroll of Spirit VIII	精神卷轴 VIII
Scroll of Stamina	耐力卷轴
Scroll of Stamina II	耐力卷轴 II
Scroll of Stamina III	耐力卷轴 III
Scroll of Stamina IV	耐力卷轴 IV
Scroll of Stamina V	耐力卷轴 V
Scroll of Stamina VI	耐力卷轴 VI
Scroll of Stamina VII	耐力卷轴 VII
Scroll of Stamina VIII	耐力卷轴 VIII
Scroll of Strength	力量卷轴
Scroll of Strength II	力量卷轴 II
Scroll of Strength III	力量卷轴 III
Scroll of Strength IV	力量卷轴 IV
Scroll of Strength V	力量卷轴 V
Scroll of Strength VI	力量卷轴 VI
Scroll of Strength VII	力量卷轴 VII
Scroll of Strength VIII	力量卷轴 VIII
Seafarer's Swig	航海者的畅饮
Seafoam Gauntlets	海沫护手
Searing Grips	灼热握手
Searing Mitts	灼热手套
Seer's Dark Jade	先知暗玉
Seer's Eye of Zul	先知祖尔之眼
Seer's Forest Emerald	先知森林翡翠
Shadesteel Bracers	影钢护腕
Shadesteel Girdle	影钢束腰
Shadesteel Greaves	影钢胫甲
Shadesteel Sabots	影钢铁靴
Shadow Armor Kit	暗影护甲片
Shadow Crystal Focusing Lens	暗影水晶聚焦镜片
Shadow Jade Focusing Lens	暗影玉聚焦镜片
Shadowmight Ring	暗影之力指环
Shadowprowler's Chestguard	暗影潜行者胸甲
Shadowy Tarot	暗影塔罗牌
Shath'Yar	沙斯雅尔
Shatter Rounds	碎裂弹药
Shattered Dark Jade	碎裂暗玉
Shattered Eye of Zul	碎裂祖尔之眼
Shattered Forest Emerald	碎裂森林翡翠
Shawl of Unwarmth	寒冷披肩
Shifting Dreadstone	变幻恐惧石
Shifting Nightseye	变幻夜眼石
Shifting Shadow Crystal	变幻暗影水晶
Shifting Shadow Draenite	变幻暗影德莱尼特
Shifting Shadowsong Amethyst	变幻影歌紫晶
Shifting Twilight Opal	变幻暮光蛋白石
Shimmering Ink	闪光墨水
Shining Dark Jade	闪耀暗玉
Shining Eye of Zul	闪耀祖尔之眼
Shining Forest Emerald	闪耀森林翡翠
Shining Spellthread	闪耀魔线
Shiny Agate Ring	闪亮玛瑙指环
Shiny Aquamarine Ring	闪亮海蓝宝石指环
Shoulderpads of Dazzling Light	炫目之光护肩
Shoulderpads of Renewed Life	新生护肩
Shoulders of Lightning Reflexes	闪电反射护肩
Shoveltusk Steak	铲牙牛肉排
Shrouding Potion	隐蔽药水
Sigil	符印
Silky Iceshard Boots	丝滑冰碎长靴
Silver Moonstone Necklace	银色月亮石项链
Silver Rose Pendant	银色玫瑰坠饰
Silver Spellthread	银色魔线
Simple Opal Ring	简易蛋白石指环
Simple Pearl Ring	简易珍珠指环
Skullfish Soup	骷髅鱼汤
Sky Sapphire Amulet	天蓝宝石护符
Skyforged Great Axe	天铸巨斧
Small Blue Rocket	小型蓝色火箭
Small Feast	小型宴席
Small Green Rocket	小型绿色火箭
Small Red Rocket	小型红色火箭
Smelt Arcanite	熔炼奥金
Smoked Lava Kisser	烟熏熔岩之吻
Smoked Rockfin	烟熏岩鳍鱼
Smoked Sagefish	烟熏鼠尾鱼
Smoked Salmon	烟熏三文鱼
Smooth Autumn's Glow	圆滑秋色石
Smooth Dawnstone	圆滑黎明石
Smooth Dragon's Eye	圆滑龙眼石
Smooth Golden Draenite	圆滑金色德莱尼特
Smooth King's Amber	圆滑帝王琥珀
Smooth Lionseye	圆滑狮眼石
Smooth Sun Crystal	圆滑太阳水晶
Snapper Extreme	极品鲷鱼
Sneaking Potion	潜行药水
Snowfall Ink	雪落墨水
Solid Azure Moonstone	坚固碧蓝月亮石
Solid Bronze Ring	坚固青铜指环
Solid Chalcedony	坚固玉髓
Solid Dragon's Eye	坚固龙眼石
Solid Empyrean Sapphire	坚固苍穹蓝宝石
Solid Majestic Zircon	坚固帝王锆石
Solid Sky Sapphire	坚固天蓝宝石
Solid Star of Elune	坚固月神之星
Sonic Booster	音速增压器
Sorcerer's Alchemist Stone	巫师炼金石
Soul Mirror	灵魂之镜
Soul Pouch	灵魂袋
Soulcloth Gloves	灵魂布手套
Soulcloth Shoulders	灵魂布护肩
Soulcloth Vest	灵魂布背心
Soulguard Bracers	灵魂守卫护腕
Soulguard Girdle	灵魂守卫束腰
Soulguard Leggings	灵魂守卫护腿
Soulguard Slippers	灵魂守卫便鞋
South Seas Rug	南海地毯
Sovereign Dreadstone	至尊恐惧石
Sovereign Nightseye	至尊夜眼石
Sovereign Shadow Crystal	至尊暗影水晶
Sovereign Shadow Draenite	至尊暗影德莱尼特
Sovereign Shadowsong Amethyst	至尊影歌紫晶
Sovereign Twilight Opal	至尊暮光蛋白石
Sparkling Azure Moonstone	闪烁碧蓝月亮石
Sparkling Chalcedony	闪烁玉髓
Sparkling Dragon's Eye	闪烁龙眼石
Sparkling Empyrean Sapphire	闪烁苍穹蓝宝石
Sparkling Majestic Zircon	闪烁帝王锆石
Sparkling Sky Sapphire	闪烁天蓝宝石
Sparkling Star of Elune	闪烁月神之星
Spellfire Bag	魔火背包
Spellfire Belt	魔火腰带
Spellfire Gloves	魔火手套
Spellfire Robe	魔火长袍
Spellpower Elixir	法术能量药剂
Spellslinger's Slippers	法术投手便鞋
Spellstrike Hood	法术打击兜帽
Spellstrike Pants	法术打击短裤
Spellweave	魔纹布
Spellweave Gloves	魔纹布手套
Spellweave Robe	魔纹布长袍
Spellweaver	魔纹编织者
Spiced Mammoth Treats	香料猛犸零食
Spiced Worm Burger	香料虫肉汉堡
Spicy Blue Nettlefish	辣味蓝色荨麻鱼
Spicy Crawdad	辣味螯虾
Spicy Fried Herring	辣味炸鲱鱼
Spicy Hot Talbuk	辣味塔布羊肉
Spidersilk Drape	蛛丝披风
Spidersilk Turban	蛛丝头巾
Spiked Cobalt Belt	尖刺钴蓝腰带
Spiked Cobalt Boots	尖刺钴蓝长靴
Spiked Cobalt Bracers	尖刺钴蓝护腕
Spiked Cobalt Chestpiece	尖刺钴蓝胸甲
Spiked Cobalt Gauntlets	尖刺钴蓝护手
Spiked Cobalt Helm	尖刺钴蓝头盔
Spiked Cobalt Legplates	尖刺钴蓝腿铠
Spiked Cobalt Shoulders	尖刺钴蓝肩铠
Spiked Deathdealers	尖刺死亡使者
Spiked Titansteel Helm	尖刺泰坦钢头盔
Spiked Titansteel Treads	尖刺泰坦钢战靴
Sporeling Snack	孢子人零食
Springsocket Eel	弹簧鳗鱼
Stabilized Eternium Scope	稳定恒金瞄准镜
Staff of Affinity	亲和法杖
Staff of the Cursed Seer	被诅咒先知法杖
Staff of the Moon	月亮法杖
Stalwart Ametrine	坚毅紫黄晶
Stalwart Huge Citrine	坚毅巨型黄水晶
Stalwart Monarch Topaz	坚毅帝王黄玉
Stanchion of Dazzling Light	炫目之光支柱
Stark Ametrine	鲜明紫黄晶
Stark Huge Citrine	鲜明巨型黄水晶
Stark Monarch Topaz	鲜明帝王黄玉
Steady Dark Jade	稳固暗玉
Steady Eye of Zul	稳固祖尔之眼
Steady Forest Emerald	稳固森林翡翠
Steady Seaspray Emerald	稳固海浪翡翠
Steady Talasite	稳固塔拉石
Steam Tonk Controller	蒸汽坦克遥控器
Steel Plated Knuckles	钢板指节套
Steelgrip Gauntlets	钢握护手
Stewed Trout	炖鳟鱼
Stone of Blades	利刃之石
Stoneforged Claymore	石铸阔剑
Stoneguard Band	石卫指环
Storm Helm	风暴头盔
Stormbound Tome	风暴之书
Stormchops	风暴排骨
Stormforged Axe	风暴锻造斧
Stormforged Hauberk	风暴锻造锁甲
Stormherald	风暴先驱
Stormhide Belt	风暴皮腰带
Stormhide Crown	风暴皮头冠
Stormhide Grips	风暴皮握手
Stormhide Hauberk	风暴皮锁甲
Stormhide Legguards	风暴皮护腿
Stormhide Shoulders	风暴皮护肩
Stormhide Stompers	风暴皮重靴
Stormhide Wristguards	风暴皮护腕
Stormshroud Gloves	风暴之幕手套
Stormy Azure Moonstone	暴风碧蓝月亮石
Stormy Chalcedony	暴风玉髓
Stormy Dragon's Eye	暴风龙眼石
Stormy Empyrean Sapphire	暴风苍穹蓝宝石
Stormy Majestic Zircon	暴风帝王锆石
Stormy Sky Sapphire	暴风天蓝宝石
Stormy Star of Elune	暴风月神之星
Strange Tarot	奇异塔罗牌
Stratholme Saperavi	斯坦索姆萨别拉维
Sturdy Cobalt Quickblade	坚固钴蓝快刃
Sturdy Mithril Mace	坚固秘银锤
Sturdy Tackle Box	坚固钓具箱
Stylin' Adventure Hat	时尚冒险帽
Stylin' Crimson Hat	时尚深红帽
Stylin' Jungle Hat	时尚丛林帽
Stylin' Purple Hat	时尚紫色帽
Subtle Bloodstone	精巧血石
Subtle Cardinal Ruby	精巧红色主教宝石
Subtle Crimson Spinel	精巧深红尖晶石
Subtle Dragon's Eye	精巧龙眼石
Subtle Living Ruby	精巧活化红宝石
Subtle Scarlet Ruby	精巧猩红宝石
Sun Rock Ring	太阳岩指环
Sun Scope	太阳瞄准镜
Sun-Drenched Scale Chestguard	浸日鳞片胸甲
Sun-Drenched Scale Gloves	浸日鳞片手套
Sunblessed Breastplate	阳光祝福胸甲
Sunblessed Gauntlets	阳光祝福护手
Sundered Dark Jade	破碎暗玉
Sundered Eye of Zul	破碎祖尔之眼
Sundered Forest Emerald	破碎森林翡翠
Sunfire Handwraps	阳炎裹手
Sunfire Robe	阳炎长袍
Super Healing Potion	超级治疗药水
Super Mana Potion	超级法力药水
Super Rejuvenation Potion	超级回春药水
Super Sapper Charge	超级工兵炸药
Sure-fire Shuriken	必中手里剑
Surestrike Goggles v2.0	精确打击护目镜 v2.0
Surestrike Goggles v3.0	精确打击护目镜 v3.0
Suspicious Stew	可疑的炖肉
Swift Flight Form Passive	迅捷飞行形态被动
Swift Skyfire Diamond	迅捷天火钻石
Swift Skyflare Diamond	迅捷天焰钻石
Swiftarrow Belt	迅箭腰带
Swiftarrow Boots	迅箭长靴
Swiftarrow Bracers	迅箭护腕
Swiftarrow Gauntlets	迅箭护手
Swiftarrow Hauberk	迅箭锁甲
Swiftarrow Helm	迅箭头盔
Swiftarrow Leggings	迅箭护腿
Swiftarrow Shoulderguards	迅箭肩甲
Swiftheal Mantle	迅愈披肩
Swiftheal Wraps	迅愈裹手
Swiftsteel Bracers	迅钢护腕
Swiftsteel Gloves	迅钢手套
Swiftsteel Shoulders	迅钢护肩
Swiftstrike Bracers	迅击护腕
Swiftstrike Shoulders	迅击护肩
Sylvan Crown	森林之冠
Sylvan Shoulders	森林护肩
Sylvan Vest	森林背心
Talbuk Steak	塔布羊肉排
Tankatronic Goggles	坦克电子护目镜
Tasty Cupcake	美味纸杯蛋糕
Teardrop Blood Garnet	泪滴血石榴石
Teardrop Crimson Spinel	泪滴深红尖晶石
Teardrop Living Ruby	泪滴活化红宝石
Temper-proof Bracers	防暴护腕
Tempered Saronite Belt	锻造萨隆邪铁腰带
Tempered Saronite Boots	锻造萨隆邪铁长靴
Tempered Saronite Bracers	锻造萨隆邪铁护腕
Tempered Saronite Breastplate	锻造萨隆邪铁胸甲
Tempered Saronite Gauntlets	锻造萨隆邪铁护手
Tempered Saronite Helm	锻造萨隆邪铁头盔
Tempered Saronite Legplates	锻造萨隆邪铁腿铠
Tempered Saronite Shoulders	锻造萨隆邪铁肩铠
Tempered Titansteel Helm	锻造泰坦钢头盔
Tempered Titansteel Treads	锻造泰坦钢战靴
Tenacious Earthstorm Diamond	坚韧大地风暴钻石
Tender Shoveltusk Steak	嫩铲牙牛肉排
Tense Dark Jade	紧张暗玉
Tense Eye of Zul	紧张祖尔之眼
Tense Forest Emerald	紧张森林翡翠
Tenuous Dreadstone	微弱恐惧石
Tenuous Shadow Crystal	微弱暗影水晶
Tenuous Twilight Opal	微弱暮光蛋白石
The Aquamarine Ward	海蓝宝石结界
The Bigger One	更大的那个
The Black Pearl	黑珍珠
The Frozen Eye	冰冻之眼
The Jade Eye	翡翠之眼
The Natural Ward	自然结界
The Planar Edge	位面之刃
Thick Adamantite Necklace	厚重精金项链
Thick Autumn's Glow	厚重秋色石
Thick Bronze Darts	厚重青铜飞镖
Thick Bronze Necklace	厚重青铜项链
Thick Dawnstone	厚重黎明石
Thick Draenic Boots	厚重德莱尼长靴
Thick Draenic Gloves	厚重德莱尼手套
Thick Draenic Pants	厚重德莱尼短裤
Thick Draenic Vest	厚重德莱尼背心
Thick Dragon's Eye	厚重龙眼石
Thick Enchanted Boots	厚重附魔长靴
Thick Felsteel Necklace	厚重魔钢项链
Thick Golden Draenite	厚重金色德莱尼特
Thick King's Amber	厚重帝王琥珀
Thick Leatherworker's Bag	厚重制皮者背包
Thick Lionseye	厚重狮眼石
Thick Netherscale Breastplate	厚重虚空鳞片胸甲
Thick Obsidian Breastplate	厚重黑曜石胸甲
Thick Sun Crystal	厚重太阳水晶
Thorium Setting	瑟银底座
Thorium Shield	瑟银盾牌
Thorium Throwing Axe	瑟银飞斧
Thorium Toolbox	瑟银工具箱
Thunder	雷霆
Thundering Skyfire Diamond	雷鸣天火钻石
Thundering Skyflare Diamond	雷鸣天焰钻石
Tigerseye Band	虎眼石指环
Timeless Dark Jade	永恒暗玉
Timeless Eye of Zul	永恒祖尔之眼
Timeless Forest Emerald	永恒森林翡翠
Tireless Skyflare Diamond	不倦天焰钻石
Titanic Leggings	泰坦护腿
Titanium Earthguard Chain	泰坦大地守护链甲
Titanium Earthguard Ring	泰坦大地守护指环
Titanium Frostguard Ring	泰坦冰霜守护指环
Titanium Impact Band	泰坦冲击指环
Titanium Impact Choker	泰坦冲击项圈
Titanium Plating	泰坦镀层
Titanium Rod	泰坦棒
Titanium Shield Spike	泰坦盾刺
Titanium Spellshock Necklace	泰坦法术震击项链
Titanium Spellshock Ring	泰坦法术震击指环
Titanium Toolbox	泰坦工具箱
Titanium Weapon Chain	泰坦武器链
Titansteel Bonecrusher	泰坦钢碎骨者
Titansteel Destroyer	泰坦钢毁灭者
Titansteel Guardian	泰坦钢守护者
Titansteel Shanker	泰坦钢穿刺者
Titansteel Shield Wall	泰坦钢盾墙
Titansteel Spellblade	泰坦钢法术之刃
Tome of Kings	国王之书
Tome of the Dawn	黎明之书
Totem	图腾
Toughened Leather Pants	硬化皮裤
Tracker Snacks	追踪者零食
Trapper's Traveling Pack	猎人旅行背包
Treads of Destiny	命运之靴
Trenchant Earthsiege Diamond	锐利大地围攻钻石
Trinket Components	饰品组件
Trollwoven Girdle	巨魔编织束腰
Trollwoven Spaulders	巨魔编织肩甲
Truesight Ice Blinders	真视冰雪护目镜
Truesilver Arquebus	真银火枪
Truesilver Belt	真银腰带
Truesilver Commander's Ring	真银指挥官指环
Truesilver Healing Ring	真银治疗指环
Truesilver Helm	真银头盔
Turbid Dark Jade	浑浊暗玉
Turbid Eye of Zul	浑浊祖尔之眼
Turbid Forest Emerald	浑浊森林翡翠
Twilight Serpent	暮光之蛇
Twilight Tome	暮光之书
Twisting Nether Chain Shirt	扭曲虚空链甲衬衣
Ultra-Spectropic Detection Goggles	超光谱探测护目镜
Ultrasafe Transporter - Toshley's Station	超安全传送器 - 托什雷的基地
Unbreakable Healing Amplifiers	坚不可摧治疗放大器
Unstable Mana Potion	不稳定法力药水
Unyielding Bracers	不屈护腕
Unyielding Girdle	不屈束腰
Upper Deck - Spectral Tiger Mount	上层甲板 - 幽灵虎坐骑
Veiled Ametrine	隐蔽紫黄晶
Veiled Flame Spessarite	隐蔽火焰锰铝榴石
Veiled Huge Citrine	隐蔽巨型黄水晶
Veiled Monarch Topaz	隐蔽帝王黄玉
Veiled Noble Topaz	隐蔽贵族黄玉
Veiled Pyrestone	隐蔽焰石
Vengeance Bindings	复仇束带
Vengeance Wrap	复仇裹手
Very Burnt Worg	烤焦的座狼肉
Victorious State	胜利状态
Vindicator's Armor Kit	辩护者护甲片
Virulent Spaulders	剧毒肩甲
Visage Liquification Goggles	面容液化护目镜
Vivid Dark Jade	鲜艳暗玉
Vivid Eye of Zul	鲜艳祖尔之眼
Vivid Forest Emerald	鲜艳森林翡翠
Volatile Blasting Trigger	不稳定爆破触发器
Volatile Healing Potion	不稳定治疗药水
Waistguard of Shackled Souls	束缚灵魂腰甲
Warlock Pet Scaling 01	术士宠物缩放 01
Warlock Pet Scaling 02	术士宠物缩放 02
Warlock Pet Scaling 03	术士宠物缩放 03
Warlock Pet Scaling 04	术士宠物缩放 04
Warlock Pet Scaling 05	术士宠物缩放 05
Warp Burger	扭曲汉堡
Weakness Spectralizers	弱点光谱仪
Weapon Vellum	武器羊皮纸
Weapon Vellum II	武器羊皮纸 II
Weapon Vellum III	武器羊皮纸 III
Whirling Steel Axes	旋转钢斧
White Remedy Cape	白色治疗披风
White Smoke Flare	白色烟雾弹
Whitemend Hood	白愈兜帽
Whitemend Pants	白愈短裤
Wicked Ametrine	邪恶紫黄晶
Wicked Edge of the Planes	位面邪刃
Wicked Flame Spessarite	邪恶火焰锰铝榴石
Wicked Huge Citrine	邪恶巨型黄水晶
Wicked Leather Boots	邪恶皮靴
Wicked Leather Spaulders	邪恶皮肩甲
Wicked Monarch Topaz	邪恶帝王黄玉
Wicked Moonstone Ring	邪恶月亮石指环
Wicked Noble Topaz	邪恶贵族黄玉
Wicked Pyrestone	邪恶焰石
Wild Draenish Boots	野性德莱尼长靴
Wild Draenish Gloves	野性德莱尼手套
Wild Draenish Leggings	野性德莱尼护腿
Wild Draenish Vest	野性德莱尼背心
Wildguard Breastplate	野性守护胸甲
Wildguard Helm	野性守护头盔
Wildguard Leggings	野性守护护腿
Wildscale Breastplate	野性鳞片胸甲
Windfire Band	风火指环
Windforged Rapier	风铸细剑
Windhawk Belt	风鹰腰带
Windhawk Bracers	风鹰护腕
Windhawk Hauberk	风鹰锁甲
Windripper Boots	裂风长靴
Windripper Leggings	裂风护腿
Windscale Hood	风鳞兜帽
Windslayer Wraps	风杀裹手
Windstrike Gloves	风击手套
Winter Boots	冬季长靴
Wispcloak	精灵披风
Wonderheal XT40 Shades	奇愈XT40墨镜
Wonderheal XT68 Shades	奇愈XT68墨镜
Worm Delight	虫肉美食
Wormhole Generator: Northrend	虫洞发生器：诺森德
Woven Copper Ring	编织铜指环
Wrath Elixir	愤怒药剂
Yellow Lumberjack Shirt	黄色伐木工衬衣
Zapthrottle Mote Extractor	电击节流微粒提取器
dmg10	dmg10
dmg11	dmg11
dmg8	dmg8
dmg9	dmg9
zzOldImproved Demonic Tactics	zzOld改进恶魔战术
Simple Pearl Ring	简易珍珠指环
Ring of Silver Might	银色力量指环
Ring of Twilight Shadows	暮光暗影指环
Moonsoul Crown	月魂之冠
Wicked Moonstone Ring	邪恶月亮石指环
Smoked Sagefish	烟熏鼠尾鱼
Sagefish Delight	鼠尾鱼美食
Soul Pouch	灵魂袋
Stormshroud Gloves	风暴之幕手套
Small Blue Rocket	小型蓝色火箭
Small Green Rocket	小型绿色火箭
Small Red Rocket	小型红色火箭
Large Green Rocket	大型绿色火箭
Large Red Rocket	大型红色火箭
Red Rocket Cluster	红色火箭束
Large Blue Rocket Cluster	大型蓝色火箭束
Large Green Rocket Cluster	大型绿色火箭束
Large Red Rocket Cluster	大型红色火箭束
Netherweave Bag	灵纹布背包
Spellfire Belt	魔火腰带
Spellfire Gloves	魔火手套
Spellfire Robe	魔火长袍
Spellfire Bag	魔火背包
Primal Mooncloth Belt	原始月布腰带
Primal Mooncloth Shoulders	原始月布护肩
